Time,Subject,Content,Medium,Direction
2025-02-09 06:34:19,,"OK, got it!",push,out
2025-02-09 06:34:18,,"OK, got it!",intercom_text,out
2025-02-08 09:32:20,,I've arrived,push,out
2025-02-08 09:32:20,,I've arrived,intercom_text,out
2025-02-08 09:20:48,,"OK, got it!",push,out
2025-02-08 09:20:48,,"OK, got it!",intercom_text,out
2025-02-08 09:13:31,,I've arrived,push,out
2025-02-08 09:13:31,,I've arrived,intercom_text,out
2025-02-08 06:46:28,,"OK, got it!",intercom_text,out
2025-02-08 06:46:28,,"OK, got it!",push,out
2025-02-08 05:15:20,,"OK, got it!",push,out
2025-02-08 05:15:20,,"OK, got it!",intercom_text,out
2025-02-08 05:14:23,,Which side of street?,intercom_text,out
2025-02-08 05:14:23,,Which side of street?,push,out
2025-02-07 09:22:27,,I've arrived,push,out
2025-02-07 09:22:27,,I've arrived,intercom_text,out
2025-02-07 08:46:54,,Im in front,intercom_text,out
2025-02-07 08:46:54,,Im in front,push,out
2025-02-07 08:44:46,,"OK, got it!",intercom_text,out
2025-02-07 08:44:46,,"OK, got it!",push,out
2025-02-07 08:43:10,,Same spot I parked,push,out
2025-02-07 08:43:10,,Same spot I parked,intercom_text,out
2025-02-07 08:23:44,,I've arrived,push,out
2025-02-07 08:23:44,,I've arrived,intercom_text,out
2025-02-07 07:16:54,,"OK, got it!",intercom_text,out
2025-02-07 07:16:54,,"OK, got it!",push,out
2025-02-07 07:15:49,,"OK, got it!",intercom_text,out
2025-02-07 07:15:49,,"OK, got it!",push,out
2025-02-06 10:40:50,,I've arrived,intercom_text,out
2025-02-06 10:40:50,,I've arrived,push,out
2025-02-06 07:56:29,,I've arrived,intercom_text,out
2025-02-06 07:56:29,,I've arrived,push,out
2025-02-06 05:53:46,,"OK, got it!",intercom_text,out
2025-02-06 05:53:46,,"OK, got it!",push,out
2025-02-06 05:53:39,,I've arrived,intercom_text,out
2025-02-06 05:53:39,,I've arrived,push,out
2025-02-06 04:08:00,,I've arrived,intercom_text,out
2025-02-06 04:08:00,,I've arrived,push,out
2025-02-05 10:44:04,,"OK, got it!",push,out
2025-02-05 10:44:04,,"OK, got it!",intercom_text,out
2025-02-05 09:53:20,,"OK, got it!",intercom_text,out
2025-02-05 09:53:20,,"OK, got it!",push,out
2025-02-05 09:53:12,,I've arrived,intercom_text,out
2025-02-05 09:53:12,,I've arrived,push,out
2025-02-05 09:42:10,,I've arrived,push,out
2025-02-05 09:42:10,,I've arrived,intercom_text,out
2025-02-05 09:01:13,,"OK, got it!",push,out
2025-02-05 09:01:13,,"OK, got it!",intercom_text,out
2025-02-05 03:40:10,,I've arrived,push,out
2025-02-05 03:40:10,,I've arrived,intercom_text,out
2025-02-05 03:30:46,,"OK, got it!",intercom_text,out
2025-02-05 03:30:46,,"OK, got it!",push,out
2025-02-05 02:27:44,,"OK, got it!",push,out
2025-02-05 02:27:44,,"OK, got it!",intercom_text,out
2025-02-04 05:30:38,,I've arrived,intercom_text,out
2025-02-04 05:30:38,,I've arrived,push,out
2025-02-04 00:09:37,,"OK, got it!",push,out
2025-02-04 00:09:37,,"OK, got it!",intercom_text,out
2025-02-03 22:42:43,,"OK, got it!",push,out
2025-02-03 22:42:43,,"OK, got it!",intercom_text,out
2025-02-03 21:09:59,,I‚Äôm outside gate,push,out
2025-02-03 21:09:59,,I‚Äôm outside gate,intercom_text,out
2025-02-03 21:02:43,,I'm on my way,push,out
2025-02-03 21:02:43,,I'm on my way,intercom_text,out
2025-02-03 20:46:41,,I've arrived,intercom_text,out
2025-02-03 20:46:41,,I've arrived,push,out
2025-02-03 20:44:52,,"OK, got it!",push,out
2025-02-03 20:44:52,,"OK, got it!",intercom_text,out
2025-02-03 19:15:45,,I've arrived,intercom_text,out
2025-02-03 19:15:45,,I've arrived,push,out
2025-02-01 11:38:52,,"OK, got it!",push,out
2025-02-01 11:38:52,,"OK, got it!",intercom_text,out
2025-02-01 11:37:09,,"Hey how are you, where should I wait?",intercom_text,out
2025-02-01 11:37:09,,"Hey how are you, where should I wait?",push,out
2025-02-01 09:44:04,,I've arrived,push,out
2025-02-01 09:44:04,,I've arrived,intercom_text,out
2025-01-29 14:12:42,,Ok,intercom_text,out
2025-01-29 14:11:10,,"Hello, im out front , I accidently started the ride by pressing the start button. But I am waiting",push,out
2025-01-29 14:11:09,,"Hello, im out front , I accidently started the ride by pressing the start button. But I am waiting",intercom_text,out
2025-01-29 14:10:32,,Im just saying can you make it go back to the screen before i start ride,intercom_text,out
2025-01-29 14:09:40,,Thats what im saying,intercom_text,out
2025-01-29 14:09:35,,No i accidently pressed start on the trip,intercom_text,out
2025-01-29 14:08:33,,For randy,intercom_text,out
2025-01-29 14:08:30,,For 6:15 AM,intercom_text,out
2025-01-29 14:08:21,,I don‚Äôt know. It‚Äôs the 25 dollar scheduled ride,intercom_text,out
2025-01-29 14:07:35,,Still waiting for passenger,intercom_text,out
2025-01-29 14:07:30,,I accidently pressed start on the trip im on now but it hasnt started yet,intercom_text,out
2025-01-29 14:05:16,,I've arrived,push,out
2025-01-29 14:05:16,,I've arrived,intercom_text,out
2025-01-29 13:56:52,,Ok. Got it. Thank you,intercom_text,out
2025-01-29 13:56:52,,Ok. Got it. Thank you,push,out
2025-01-29 13:32:22,,"OK, got it!",intercom_text,out
2025-01-29 13:32:22,,"OK, got it!",push,out
2025-01-29 13:32:20,,I've arrived,push,out
2025-01-29 13:32:20,,I've arrived,intercom_text,out
2025-01-29 10:38:53,,I've arrived,push,out
2025-01-29 10:38:53,,I've arrived,intercom_text,out
2025-01-29 05:03:04,,I'm on my way,push,out
2025-01-29 05:03:04,,I'm on my way,intercom_text,out
2025-01-29 05:03:02,,I've arrived,push,out
2025-01-29 05:03:02,,I've arrived,intercom_text,out
2025-01-29 04:54:47,,Just waiting for the stoplight to turn green,push,out
2025-01-29 04:54:47,,Just waiting for the stoplight to turn green,intercom_text,out
2025-01-29 04:54:33,,Yes,push,out
2025-01-29 04:54:33,,Yes,intercom_text,out
2025-01-28 18:08:01,,"OK, got it!",intercom_text,out
2025-01-28 18:08:01,,"OK, got it!",push,out
2025-01-27 16:03:21,,Still coming?,intercom_text,out
2025-01-27 16:03:21,,Still coming?,push,out
2025-01-27 16:03:16,,Hey,push,out
2025-01-27 16:03:16,,Hey,intercom_text,out
2025-01-27 15:53:08,,"OK, got it!",intercom_text,out
2025-01-27 15:53:08,,"OK, got it!",push,out
2025-01-27 15:12:19,,"OK, got it!",push,out
2025-01-27 15:12:19,,"OK, got it!",intercom_text,out
2025-01-27 06:27:35,,"OK, got it!",push,out
2025-01-27 06:27:35,,"OK, got it!",intercom_text,out
2025-01-27 06:27:31,,They took me to alley,intercom_text,out
2025-01-27 06:27:31,,They took me to alley,push,out
2025-01-27 06:27:24,,Are you at wells fargo?,intercom_text,out
2025-01-27 06:27:24,,Are you at wells fargo?,push,out
2025-01-26 10:36:44,,I've arrived,push,out
2025-01-26 10:36:44,,I've arrived,intercom_text,out
2025-01-25 03:15:20,,"OK, got it!",intercom_text,out
2025-01-25 03:15:20,,"OK, got it!",push,out
2025-01-24 14:19:28,,No thank you,intercom_text,out
2025-01-24 14:17:30,,Thanks,intercom_text,out
2025-01-24 14:15:09,,"Hello, why is my instant cashoit not available?",intercom_text,out
2025-01-24 14:14:58,,Attachment - 1 Image,intercom_text,out
2025-01-24 10:58:35,,"OK, got it!",intercom_text,out
2025-01-24 10:58:35,,"OK, got it!",push,out
2025-01-24 10:03:45,,I've arrived,push,out
2025-01-24 10:03:45,,I've arrived,intercom_text,out
2025-01-24 09:49:52,,Got it,intercom_text,out
2025-01-24 09:49:52,,Got it,push,out
2025-01-24 08:31:06,,I've arrived,intercom_text,out
2025-01-24 08:31:06,,I've arrived,push,out
2025-01-22 07:13:49,,On outer sections,intercom_text,out
2025-01-22 07:13:49,,On outer sections,push,out
2025-01-22 07:13:38,,Im out front,intercom_text,out
2025-01-22 07:13:38,,Im out front,push,out
2025-01-20 14:38:44,,"OK, got it!",intercom_text,out
2025-01-20 14:38:44,,"OK, got it!",push,out
2025-01-20 14:37:49,,Im at second gate,push,out
2025-01-20 14:37:49,,Im at second gate,intercom_text,out
2025-01-20 11:29:23,,I've arrived,push,out
2025-01-20 11:29:23,,I've arrived,intercom_text,out
2025-01-20 10:18:18,,"OK, got it!",push,out
2025-01-20 10:18:18,,"OK, got it!",intercom_text,out
2025-01-20 10:17:15,,I've arrived,intercom_text,out
2025-01-20 10:17:15,,I've arrived,push,out
2025-01-20 09:59:33,,I've arrived,push,out
2025-01-20 09:59:33,,I've arrived,intercom_text,out
2025-01-20 09:40:17,,I've arrived,push,out
2025-01-20 09:40:17,,I've arrived,intercom_text,out
2025-01-20 08:00:32,,Blue car,push,out
2025-01-20 08:00:32,,Blue car,intercom_text,out
2025-01-20 08:00:26,,Im here,push,out
2025-01-18 14:32:02,,Yes,sms,in
2025-01-18 10:26:27,,"OK, got it!",intercom_text,out
2025-01-18 10:26:27,,"OK, got it!",push,out
2025-01-18 09:41:57,,"OK, got it!",push,out
2025-01-18 09:41:57,,"OK, got it!",intercom_text,out
2025-01-18 09:08:21,,I‚Äôm on the corner on sunset,push,out
2025-01-18 09:08:21,,I‚Äôm on the corner on sunset,intercom_text,out
2025-01-18 09:07:41,,"OK, got it!",push,out
2025-01-18 09:07:41,,"OK, got it!",intercom_text,out
2025-01-17 09:48:02,,I'm on my way,intercom_text,out
2025-01-17 09:48:02,,I'm on my way,push,out
2025-01-15 10:24:53,,You couldnt hear me,intercom_text,out
2025-01-15 10:24:53,,You couldnt hear me,push,out
2025-01-15 10:24:48,,I was talking to you on the phone,intercom_text,out
2025-01-15 10:24:48,,I was talking to you on the phone,push,out
2025-01-15 10:24:41,,Im out front,intercom_text,out
2025-01-15 10:24:41,,Im out front,push,out
2025-01-15 10:22:47,,I've arrived,push,out
2025-01-15 10:22:47,,I've arrived,intercom_text,out
2025-01-15 09:50:26,,"OK, got it!",push,out
2025-01-15 09:50:26,,"OK, got it!",intercom_text,out
2025-01-15 07:11:39,,"OK, got it!",intercom_text,out
2025-01-15 07:11:39,,"OK, got it!",push,out
2025-01-15 03:10:17,,Right out front,intercom_text,out
2025-01-15 03:10:17,,Right out front,push,out
2025-01-15 03:10:10,,I've arrived,push,out
2025-01-15 03:10:10,,I've arrived,intercom_text,out
2025-01-14 09:53:38,,"OK, got it!",intercom_text,out
2025-01-14 09:53:38,,"OK, got it!",push,out
2025-01-14 09:46:53,,I‚Äôve arrived,push,out
2025-01-14 09:46:53,,I‚Äôve arrived,intercom_text,out
2025-01-14 09:38:49,,Yeah they gave me a chocolate milk instead and hurried me throgh- i didn‚Äôt check until after I left now theres 2 people in line in front of me so it might be a minute,intercom_text,out
2025-01-14 09:38:49,,Yeah they gave me a chocolate milk instead and hurried me throgh- i didn‚Äôt check until after I left now theres 2 people in line in front of me so it might be a minute,push,out
2025-01-14 09:34:57,,Sorry they didn‚Äôt give me the Sprite. I have to go back.,push,out
2025-01-14 09:34:57,,Sorry they didn‚Äôt give me the Sprite. I have to go back.,intercom_text,out
2025-01-14 09:08:21,,I've arrived,push,out
2025-01-14 09:08:21,,I've arrived,intercom_text,out
2025-01-13 06:35:15,,I've arrived,intercom_text,out
2025-01-13 06:35:15,,I've arrived,push,out
2025-01-13 05:22:10,,I've arrived,push,out
2025-01-13 05:22:10,,I've arrived,intercom_text,out
2025-01-12 13:36:55,,"OK, got it!",push,out
2025-01-12 13:36:55,,"OK, got it!",intercom_text,out
2025-01-12 10:15:27,,I've arrived,intercom_text,out
2025-01-12 10:15:27,,I've arrived,push,out
2025-01-12 07:55:31,,"OK, got it!",intercom_text,out
2025-01-12 07:55:31,,"OK, got it!",push,out
2025-01-12 04:47:06,,I'm on my way,intercom_text,out
2025-01-12 04:47:06,,I'm on my way,push,out
2025-01-12 04:47:05,,Ok. i‚Äôm on the corner now,push,out
2025-01-12 04:47:05,,Ok. i‚Äôm on the corner now,intercom_text,out
2025-01-12 04:45:37,,Blue car,intercom_text,out
2025-01-12 04:45:37,,Blue car,push,out
2025-01-12 04:45:27,,Im on the cornwr,intercom_text,out
2025-01-12 04:45:27,,Im on the cornwr,push,out
2025-01-11 15:15:54,,"OK, got it!",push,out
2025-01-11 15:15:54,,"OK, got it!",intercom_text,out
2025-01-11 06:54:39,,"OK, got it!",intercom_text,out
2025-01-11 06:54:39,,"OK, got it!",push,out
2025-01-07 10:34:14,,Ill come back,push,out
2025-01-07 10:34:14,,Ill come back,intercom_text,out
2025-01-07 10:34:11,,Im at main entrance,intercom_text,out
2025-01-07 10:34:11,,Im at main entrance,push,out
2025-01-07 10:34:02,,Wait,intercom_text,out
2025-01-07 10:34:02,,Wait,push,out
2025-01-07 10:33:21,,I‚Äôm here,intercom_text,out
2025-01-07 10:33:21,,I‚Äôm here,push,out
2025-01-07 10:29:44,,"OK, got it!",intercom_text,out
2025-01-07 10:29:44,,"OK, got it!",push,out
2025-01-07 10:28:47,,"Ok, thank you be there soon",push,out
2025-01-07 10:28:47,,"Ok, thank you be there soon",intercom_text,out
2025-01-07 09:28:09,,Just filling up gas,push,out
2025-01-07 09:28:09,,Just filling up gas,intercom_text,out
2025-01-07 09:28:01,,I'm on my way,intercom_text,out
2025-01-07 09:28:01,,I'm on my way,push,out
2025-01-07 08:54:57,,"OK, got it!",push,out
2025-01-07 08:54:57,,"OK, got it!",intercom_text,out
2025-01-07 08:30:14,,I'm on my way,push,out
2025-01-07 08:30:13,,I'm on my way,intercom_text,out
2025-01-07 06:06:29,,On mansfield,intercom_text,out
2025-01-07 06:06:29,,On mansfield,push,out
2025-01-07 06:06:24,,Blue car,intercom_text,out
2025-01-07 06:06:24,,Blue car,push,out
2025-01-07 06:06:21,,Yes,push,out
2025-01-07 06:06:21,,Yes,intercom_text,out
2025-01-07 06:04:14,,"OK, got it!",push,out
2025-01-07 06:04:14,,"OK, got it!",intercom_text,out
2025-01-05 12:38:27,,Take your time,push,out
2025-01-05 12:38:27,,Take your time,intercom_text,out
2025-01-05 12:38:23,,I've arrived,push,out
2025-01-05 12:38:23,,I've arrived,intercom_text,out
2025-01-03 13:03:21,,üòî,intercom_text,out
2025-01-03 13:03:09,,No thanks,intercom_text,out
2025-01-03 13:02:43,,Ok,intercom_text,out
2025-01-03 13:02:15,,Yes,intercom_text,out
2025-01-03 13:01:50,,Thank you,intercom_text,out
2025-01-03 13:01:38,,That‚Äôs ok.,intercom_text,out
2025-01-03 12:59:19,,Yes,intercom_text,out
2025-01-03 12:57:34,,I was wondering when my payment for healthcare subsidy for last quarter would show up?,intercom_text,out
2025-01-03 11:18:08,,I've arrived,push,out
2025-01-03 11:18:07,,I've arrived,intercom_text,out
2025-01-03 05:41:59,,I've arrived,intercom_text,out
2025-01-03 05:41:59,,I've arrived,push,out
2025-01-02 10:43:47,,Thank you!,intercom_text,out
2025-01-02 10:43:47,,Thank you!,push,out
2025-01-02 10:43:41,,I'm on my way,intercom_text,out
2025-01-02 10:43:41,,I'm on my way,push,out
2025-01-02 10:41:11,,Just at the gas station getting gas,push,out
2025-01-02 10:41:11,,Just at the gas station getting gas,intercom_text,out
2025-01-02 08:22:52,,"OK, got it!",push,out
2025-01-02 08:22:52,,"OK, got it!",intercom_text,out
2025-01-01 06:32:55,,Be right there,push,out
2025-01-01 06:32:55,,Be right there,intercom_text,out
2024-12-29 14:15:54,,Be right there,push,out
2024-12-29 14:15:54,,Be right there,intercom_text,out
2024-12-23 23:02:40,,No worries,push,out
2024-12-23 23:02:40,,No worries,intercom_text,out
2024-12-22 11:30:45,,"OK, got it!",push,out
2024-12-22 11:30:45,,"OK, got it!",intercom_text,out
2024-12-22 11:27:00,,I've arrived,push,out
2024-12-22 11:27:00,,I've arrived,intercom_text,out
2024-12-22 09:55:15,,"OK, got it!",push,out
2024-12-22 09:55:15,,"OK, got it!",intercom_text,out
2024-12-22 07:27:59,,"OK, got it!",intercom_text,out
2024-12-22 07:27:59,,"OK, got it!",push,out
2024-12-22 05:58:53,,"OK, got it!",intercom_text,out
2024-12-22 05:58:53,,"OK, got it!",push,out
2024-12-22 04:53:24,,"OK, got it!",intercom_text,out
2024-12-22 04:53:24,,"OK, got it!",push,out
2024-12-21 15:06:50,,"OK, got it!",push,out
2024-12-21 15:06:50,,"OK, got it!",intercom_text,out
2024-12-21 11:02:53,,"OK, got it!",push,out
2024-12-21 11:02:53,,"OK, got it!",intercom_text,out
2024-12-21 07:14:21,,Sorry coming baxk my map messdd up,intercom_text,out
2024-12-21 07:14:21,,Sorry coming baxk my map messdd up,push,out
2024-12-21 07:13:12,,I've arrived,push,out
2024-12-21 07:13:12,,I've arrived,intercom_text,out
2024-12-21 06:39:02,,"OK, got it!",push,out
2024-12-21 06:39:02,,"OK, got it!",intercom_text,out
2024-12-21 03:41:58,,?,intercom_text,out
2024-12-21 03:41:58,,?,push,out
2024-12-21 03:41:56,,Are you on sepulveda,push,out
2024-12-21 03:41:56,,Are you on sepulveda,intercom_text,out
2024-12-21 03:41:49,,Blue car,push,out
2024-12-21 03:41:49,,Blue car,intercom_text,out
2024-12-21 03:41:46,,I think im out front,push,out
2024-12-21 03:41:46,,I think im out front,intercom_text,out
2024-12-21 03:41:41,,"OK, got it!",intercom_text,out
2024-12-21 03:41:41,,"OK, got it!",push,out
2024-12-21 03:40:39,,I've arrived,push,out
2024-12-21 03:40:39,,I've arrived,intercom_text,out
2024-12-20 06:58:14,,Near the steps,push,out
2024-12-20 06:58:14,,Near the steps,intercom_text,out
2024-12-20 06:58:09,,I‚Äôm on labrea,push,out
2024-12-20 06:58:09,,I‚Äôm on labrea,intercom_text,out
2024-12-20 06:34:42,,Im in alley,intercom_text,out
2024-12-20 06:34:42,,Im in alley,push,out
2024-12-20 06:34:38,,Ok i‚Äôll come there,push,out
2024-12-20 06:34:38,,Ok i‚Äôll come there,intercom_text,out
2024-12-19 13:41:05,,I've arrived,intercom_text,out
2024-12-19 13:41:05,,I've arrived,push,out
2024-12-19 13:40:59,,"OK, got it!",intercom_text,out
2024-12-19 13:40:59,,"OK, got it!",push,out
2024-12-19 13:40:53,,"OK, got it!",push,out
2024-12-19 13:40:53,,"OK, got it!",intercom_text,out
2024-12-19 12:58:40,,"OK, got it!",push,out
2024-12-19 12:58:40,,"OK, got it!",intercom_text,out
2024-12-19 09:11:49,,"OK, got it!",intercom_text,out
2024-12-19 09:11:49,,"OK, got it!",push,out
2024-12-19 09:11:20,,I've arrived,intercom_text,out
2024-12-19 09:11:20,,I've arrived,push,out
2024-12-19 08:41:31,,I've arrived,push,out
2024-12-19 08:41:31,,I've arrived,intercom_text,out
2024-12-19 08:20:16,,I've arrived,intercom_text,out
2024-12-19 08:20:16,,I've arrived,push,out
2024-12-19 07:23:44,,"OK, got it!",intercom_text,out
2024-12-19 07:23:44,,"OK, got it!",push,out
2024-12-19 07:22:38,,I've arrived,intercom_text,out
2024-12-19 07:22:38,,I've arrived,push,out
2024-12-18 09:52:07,,Whatsup?,intercom_text,out
2024-12-18 09:52:07,,Whatsup?,push,out
2024-12-18 09:51:58,,I'm on my way,intercom_text,out
2024-12-18 09:51:58,,I'm on my way,push,out
2024-12-18 07:23:57,,I've arrived,intercom_text,out
2024-12-18 07:23:57,,I've arrived,push,out
2024-12-18 06:52:17,,"OK, got it!",intercom_text,out
2024-12-18 06:52:17,,"OK, got it!",push,out
2024-12-18 06:51:03,,"OK, got it!",intercom_text,out
2024-12-18 06:51:03,,"OK, got it!",push,out
2024-12-18 06:35:33,,I've arrived,push,out
2024-12-18 06:35:33,,I've arrived,intercom_text,out
2024-12-18 06:32:08,,"OK, got it!",push,out
2024-12-18 06:32:08,,"OK, got it!",intercom_text,out
2024-12-18 05:58:29,,"OK, got it!",push,out
2024-12-18 05:58:29,,"OK, got it!",intercom_text,out
2024-12-18 03:13:11,,"OK, got it!",intercom_text,out
2024-12-18 03:13:11,,"OK, got it!",push,out
2024-12-17 01:05:52,,I've arrived,intercom_text,out
2024-12-17 01:05:52,,I've arrived,push,out
2024-12-17 01:04:44,,"OK, got it!",push,out
2024-12-17 01:04:44,,"OK, got it!",intercom_text,out
2024-12-16 23:58:03,,Here,intercom_text,out
2024-12-16 23:58:03,,Here,push,out
2024-12-16 23:57:21,,"OK, got it!",push,out
2024-12-16 23:57:21,,"OK, got it!",intercom_text,out
2024-12-15 16:36:58,,Waited 10 minutes,intercom_text,out
2024-12-15 16:36:55,,I drove 20 minutes to get there,intercom_text,out
2024-12-15 16:36:47,,Dude,intercom_text,out
2024-12-15 16:36:41,,How Can I show you its in my history if that‚Äôs why I‚Äôm reaching out to you,intercom_text,out
2024-12-15 16:36:15,,That‚Äôs the issue,intercom_text,out
2024-12-15 16:36:13,,I‚Äôm messaging you to tell you that a trip is not in my history,intercom_text,out
2024-12-15 16:35:06,,Tell me that,intercom_text,out
2024-12-15 16:35:02,,How can I have called Amber through uber driver audio if the trip doesnt exist,intercom_text,out
2024-12-15 16:34:39,,Do you see my screenshot?,intercom_text,out
2024-12-15 16:34:28,,Dude,intercom_text,out
2024-12-15 16:34:27,,Even waited an extra 5 minutes,intercom_text,out
2024-12-15 16:34:17,,Waited and called a bunch,intercom_text,out
2024-12-15 16:34:07,,I drove 20 minutes to get there,intercom_text,out
2024-12-15 16:33:59,,It was somewhere in pacific palisades where there was no service,intercom_text,out
2024-12-15 16:33:26,,That‚Äôs why i‚Äôm telling you,intercom_text,out
2024-12-15 16:33:18,,But I don‚Äôt have it because it‚Äôs not on my trip history,intercom_text,out
2024-12-15 16:33:02,,See Amber? Uber driver audio?,intercom_text,out
2024-12-15 16:32:52,,Do you see the screenshot i sent you?,intercom_text,out
2024-12-15 16:32:44,,Ok,intercom_text,out
2024-12-15 16:32:32,,It was before i drove Romi,intercom_text,out
2024-12-15 16:32:18,,Because i dont screenshot trips before i cancel i assumed I would be paid for the cancellation,intercom_text,out
2024-12-15 16:32:03,,But not of her trip,intercom_text,out
2024-12-15 16:32:00,,Of me calling amber,intercom_text,out
2024-12-15 16:31:57,,I have the screenshots,intercom_text,out
2024-12-15 16:31:53,,Attachment - 1 Image,intercom_text,out
2024-12-15 16:31:26,,I dont have it,intercom_text,out
2024-12-15 16:31:20,,The name was amber,intercom_text,out
2024-12-15 16:31:16,,It was in between 4:18 and then next one,intercom_text,out
2024-12-15 16:30:42,,It was 12/15 this morning,intercom_text,out
2024-12-15 16:29:31,,Hey there was a ride that i should get cancellation for that isnt showing up in my earnings,intercom_text,out
2024-12-15 13:19:58,,I‚Äôm cancelling on you,intercom_text,out
2024-12-15 13:19:58,,I‚Äôm cancelling on you,push,out
2024-12-15 13:15:01,,I've arrived,push,out
2024-12-15 13:15:01,,I've arrived,intercom_text,out
2024-12-15 13:07:12,,I've arrived,push,out
2024-12-15 13:07:12,,I've arrived,intercom_text,out
2024-12-15 13:04:27,,I've arrived,push,out
2024-12-15 13:04:27,,I've arrived,intercom_text,out
2024-12-15 10:33:26,,I've arrived,intercom_text,out
2024-12-15 10:33:26,,I've arrived,push,out
2024-12-15 09:55:30,,I've arrived,intercom_text,out
2024-12-15 09:55:30,,I've arrived,push,out
2024-12-15 08:53:28,,I've arrived,push,out
2024-12-15 08:53:28,,I've arrived,intercom_text,out
2024-12-15 07:48:22,,"OK, got it!",push,out
2024-12-15 07:48:22,,"OK, got it!",intercom_text,out
2024-12-14 10:39:26,,I've arrived,push,out
2024-12-14 10:39:26,,I've arrived,intercom_text,out
2024-12-13 09:48:15,,I've arrived,intercom_text,out
2024-12-13 09:48:15,,I've arrived,push,out
2024-12-13 02:48:14,,"OK, got it!",intercom_text,out
2024-12-13 02:48:14,,"OK, got it!",push,out
2024-12-10 23:34:57,,I‚Äôm across the street where u were,intercom_text,out
2024-12-10 23:34:57,,I‚Äôm across the street where u were,push,out
2024-12-10 23:34:47,,Hey,intercom_text,out
2024-12-10 23:34:47,,Hey,push,out
2024-12-10 21:54:53,,I've arrived,intercom_text,out
2024-12-10 21:54:53,,I've arrived,push,out
2024-12-10 18:57:01,,"OK, got it!",push,out
2024-12-10 18:57:01,,"OK, got it!",intercom_text,out
2024-12-04 23:42:21,,"OK, got it!",push,out
2024-12-04 23:42:21,,"OK, got it!",intercom_text,out
2024-12-04 00:58:19,,"OK, got it!",intercom_text,out
2024-12-04 00:58:19,,"OK, got it!",push,out
2024-12-01 12:17:30,,Can't talk right now. I'm driving.,sms,in
2024-12-01 12:17:11,,Can't talk right now. I'm driving.,sms,in
2024-12-01 11:24:30,,I've arrived,intercom_text,out
2024-12-01 11:24:30,,I've arrived,push,out
2024-12-01 09:49:03,,I've arrived,intercom_text,out
2024-12-01 09:49:03,,I've arrived,push,out
2024-12-01 09:49:02,,"OK, got it!",intercom_text,out
2024-12-01 09:49:02,,"OK, got it!",push,out
2024-11-30 10:16:36,,I've arrived,intercom_text,out
2024-11-30 10:16:36,,I've arrived,push,out
2024-11-30 10:00:52,,I've arrived,intercom_text,out
2024-11-30 10:00:52,,I've arrived,push,out
2024-11-30 06:59:18,,I've arrived,intercom_text,out
2024-11-30 06:59:18,,I've arrived,push,out
2024-11-30 06:43:30,,"OK, got it!",intercom_text,out
2024-11-30 06:43:30,,"OK, got it!",push,out
2024-11-30 01:30:25,,"OK, got it!",push,out
2024-11-30 01:30:24,,"OK, got it!",intercom_text,out
2024-11-30 01:02:02,,"OK, got it!",intercom_text,out
2024-11-30 01:02:02,,"OK, got it!",push,out
2024-11-18 10:05:00,,"OK, got it!",push,out
2024-11-18 10:05:00,,"OK, got it!",intercom_text,out
2024-11-18 07:52:42,,I've arrived,intercom_text,out
2024-11-18 07:52:42,,I've arrived,push,out
2024-11-18 04:09:58,,Outside gate,push,out
2024-11-18 04:09:58,,Outside gate,intercom_text,out
2024-11-18 04:09:55,,I've arrived,intercom_text,out
2024-11-18 04:09:55,,I've arrived,push,out
2024-11-17 10:31:26,,I've arrived,push,out
2024-11-17 10:31:26,,I've arrived,intercom_text,out
2024-11-17 09:39:30,,I've arrived,push,out
2024-11-17 09:39:30,,I've arrived,intercom_text,out
2024-11-17 05:03:59,,"OK, got it!",intercom_text,out
2024-11-17 05:03:59,,"OK, got it!",push,out
2024-11-15 02:43:17,,A car is behind me i have to go a bit forward,push,out
2024-11-15 02:43:17,,A car is behind me i have to go a bit forward,intercom_text,out
2024-11-15 02:42:51,,Ok,intercom_text,out
2024-11-15 02:42:51,,Ok,push,out
2024-11-15 00:39:17,,I've arrived,intercom_text,out
2024-11-15 00:39:17,,I've arrived,push,out
2024-11-10 12:43:01,,"OK, got it!",intercom_text,out
2024-11-10 12:43:01,,"OK, got it!",push,out
2024-11-10 08:03:48,,Im here,sms,in
2024-11-10 08:03:00,,Blue*,intercom_text,out
2024-11-10 08:03:00,,Blue*,push,out
2024-11-10 08:02:54,,Blie car,intercom_text,out
2024-11-10 08:02:54,,Blie car,push,out
2024-11-10 08:02:53,,Im here,intercom_text,out
2024-11-10 08:02:53,,Im here,push,out
2024-11-10 07:58:27,,Blue car,sms,in
2024-11-10 07:58:19,,Im here,sms,in
2024-11-10 07:58:00,,8002 wadsworth?,sms,in
2024-11-07 06:03:04,,"OK, got it!",intercom_text,out
2024-11-07 06:03:04,,"OK, got it!",push,out
2024-11-07 06:02:47,,On tobias avenue or on the side street?,push,out
2024-11-07 06:02:47,,On tobias avenue or on the side street?,intercom_text,out
2024-11-07 06:02:34,,Where should I meet you?,push,out
2024-11-07 06:02:34,,Where should I meet you?,intercom_text,out
2024-11-03 07:01:35,,Actually pick up spot is fine,push,out
2024-11-03 07:01:35,,Actually pick up spot is fine,intercom_text,out
2024-11-03 07:00:11,,Sorry we‚Äôre on the corner. Kings and 1st,intercom_text,out
2024-11-03 07:00:11,,Sorry we‚Äôre on the corner. Kings and 1st,push,out
2024-11-03 06:58:12,,Can you pick me up at my pickup location. Orlando and 1st?,push,out
2024-11-03 06:58:12,,Can you pick me up at my pickup location. Orlando and 1st?,intercom_text,out
2024-11-02 19:21:29,,Thank you!,intercom_text,out
2024-11-02 19:16:28,,Yes,intercom_text,out
2024-11-02 09:04:36,,I've arrived,intercom_text,out
2024-11-02 09:04:36,,I've arrived,push,out
2024-11-02 07:35:07,,Blue car,push,out
2024-11-02 07:35:07,,Blue car,intercom_text,out
2024-11-02 07:33:47,,I've arrived,push,out
2024-11-02 07:33:47,,I've arrived,intercom_text,out
2024-11-02 07:19:04,,"OK, got it!",intercom_text,out
2024-11-02 07:19:04,,"OK, got it!",push,out
2024-11-02 07:12:04,,"OK, got it!",intercom_text,out
2024-11-02 07:12:04,,"OK, got it!",push,out
2024-11-02 06:34:36,,"OK, got it!",intercom_text,out
2024-11-02 06:34:36,,"OK, got it!",push,out
2024-11-02 06:03:30,,I've arrived,intercom_text,out
2024-11-02 06:03:30,,I've arrived,push,out
2024-11-02 05:19:39,,I've arrived,intercom_text,out
2024-11-02 05:19:39,,I've arrived,push,out
2024-11-02 03:43:18,,I've arrived,push,out
2024-11-02 03:43:18,,I've arrived,intercom_text,out
2024-11-02 02:01:54,,I've arrived,push,out
2024-11-02 02:01:54,,I've arrived,intercom_text,out
2024-11-01 10:07:27,,I had to restart my phone because the app was not working,intercom_text,out
2024-11-01 10:07:27,,I had to restart my phone because the app was not working,push,out
2024-11-01 10:07:12,,Sorry my phone completely glitched I‚Äôm a few minutes away,intercom_text,out
2024-11-01 10:07:12,,Sorry my phone completely glitched I‚Äôm a few minutes away,push,out
2024-11-01 08:25:55,,I've arrived,intercom_text,out
2024-11-01 08:25:55,,I've arrived,push,out
2024-11-01 08:05:06,,Blue car,push,out
2024-11-01 08:05:06,,Blue car,intercom_text,out
2024-11-01 05:32:19,,Ok thamks. 7 min,intercom_text,out
2024-11-01 05:32:19,,Ok thamks. 7 min,push,out
2024-11-01 05:20:46,,1041 ETA,push,out
2024-11-01 05:20:46,,1041 ETA,intercom_text,out
2024-11-01 05:20:29,,It says 20 minutes,intercom_text,out
2024-11-01 05:20:29,,It says 20 minutes,push,out
2024-11-01 05:20:25,,I just got out of the traffic area of WeHo,intercom_text,out
2024-11-01 05:20:25,,I just got out of the traffic area of WeHo,push,out
2024-11-01 05:18:28,,Gotchu,intercom_text,out
2024-11-01 05:18:28,,Gotchu,push,out
2024-11-01 05:15:31,,Ok thank you,intercom_text,out
2024-11-01 05:15:31,,Ok thank you,push,out
2024-11-01 05:15:13,,There‚Äôs alot of traffic,intercom_text,out
2024-11-01 05:15:13,,There‚Äôs alot of traffic,push,out
2024-11-01 05:15:09,,"Yes just making sure. I‚Äôm 23 minutes away, is that ok?",push,out
2024-11-01 05:15:09,,"Yes just making sure. I‚Äôm 23 minutes away, is that ok?",intercom_text,out
2024-11-01 05:10:21,,Hey the whole street is closed off,intercom_text,out
2024-11-01 05:10:21,,Hey the whole street is closed off,push,out
2024-11-01 05:05:48,,Where is the best place to meet you,push,out
2024-11-01 05:05:48,,Where is the best place to meet you,intercom_text,out
2024-11-01 05:05:40,,The whole street is closed off,push,out
2024-11-01 05:05:40,,The whole street is closed off,intercom_text,out
2024-11-01 04:14:28,,Blue car,intercom_text,out
2024-11-01 04:14:28,,Blue car,push,out
2024-11-01 04:13:42,,Ok i‚Äôm right out front,push,out
2024-11-01 04:13:42,,Ok i‚Äôm right out front,intercom_text,out
2024-10-31 06:12:50,,I've arrived,intercom_text,out
2024-10-31 06:12:50,,I've arrived,push,out
2024-10-31 06:04:17,,I‚Äôm following map,intercom_text,out
2024-10-31 06:04:17,,I‚Äôm following map,push,out
2024-10-31 06:04:11,,I'm on my way,intercom_text,out
2024-10-31 06:04:11,,I'm on my way,push,out
2024-10-31 06:04:00,,Ok,intercom_text,out
2024-10-31 06:04:00,,Ok,push,out
2024-10-31 00:21:57,,Ok so i just have to maintain diamond by end of tomorrow,intercom_text,out
2024-10-31 00:17:27,,Ok thank you,intercom_text,out
2024-10-31 00:11:59,,Ok thank you,intercom_text,out
2024-10-31 00:05:52,,Ok thank you,intercom_text,out
2024-10-31 00:04:19,,Thank you,intercom_text,out
2024-10-31 00:04:13,,I just achieved Pro Diamond status and was wondering when I get the $400 bonus,intercom_text,out
2024-10-31 00:03:08,,Hi I was wondering about the Uber Pro reward bonus,intercom_text,out
2024-10-30 21:24:01,,"OK, got it!",push,out
2024-10-30 21:24:01,,"OK, got it!",intercom_text,out
2024-10-30 07:03:53,,"OK, got it!",push,out
2024-10-30 07:03:53,,"OK, got it!",intercom_text,out
2024-10-30 07:03:33,,You‚Äôre in front of apex one?,push,out
2024-10-30 07:03:33,,You‚Äôre in front of apex one?,intercom_text,out
2024-10-30 07:03:26,,Ok i can come to you,intercom_text,out
2024-10-30 07:03:26,,Ok i can come to you,push,out
2024-10-30 07:03:16,,I‚Äôm where the green pickup location is,intercom_text,out
2024-10-30 07:03:16,,I‚Äôm where the green pickup location is,push,out
2024-10-30 07:02:59,,What street are you on?,push,out
2024-10-30 07:02:59,,What street are you on?,intercom_text,out
2024-10-30 07:00:44,,I've arrived,intercom_text,out
2024-10-30 07:00:44,,I've arrived,push,out
2024-10-29 22:12:17,,"OK, got it!",push,out
2024-10-29 22:12:17,,"OK, got it!",intercom_text,out
2024-10-28 21:11:03,,"OK, got it!",intercom_text,out
2024-10-28 21:11:03,,"OK, got it!",push,out
2024-10-28 21:02:43,,No worries. Take your time haha,intercom_text,out
2024-10-28 21:02:43,,No worries. Take your time haha,push,out
2024-10-28 21:01:52,,Don‚Äôt worry i got it. I‚Äôll wait,push,out
2024-10-28 21:01:52,,Don‚Äôt worry i got it. I‚Äôll wait,intercom_text,out
2024-10-28 20:56:52,,I've arrived,push,out
2024-10-28 20:56:52,,I've arrived,intercom_text,out
2024-10-28 06:29:58,,C3,push,out
2024-10-28 06:29:58,,C3,intercom_text,out
2024-10-28 06:29:54,,In lot,intercom_text,out
2024-10-28 06:29:54,,In lot,push,out
2024-10-28 06:29:52,,Im here,push,out
2024-10-28 06:29:52,,Im here,intercom_text,out
2024-10-28 06:16:24,,Once I get closer to the lot,intercom_text,out
2024-10-28 06:16:24,,Once I get closer to the lot,push,out
2024-10-28 06:16:09,,"Hey how are you, it might be easier if you meet me on the street highland because traffic is so bad. But it‚Äôs up to you",push,out
2024-10-28 06:16:09,,"Hey how are you, it might be easier if you meet me on the street highland because traffic is so bad. But it‚Äôs up to you",intercom_text,out
2024-10-28 05:35:47,,I've arrived,push,out
2024-10-28 05:35:47,,I've arrived,intercom_text,out
2024-10-28 04:52:56,,I've arrived,push,out
2024-10-28 04:52:56,,I've arrived,intercom_text,out
2024-10-28 04:03:27,,"OK, got it!",intercom_text,out
2024-10-28 04:03:27,,"OK, got it!",push,out
2024-10-28 03:59:13,,I've arrived,intercom_text,out
2024-10-28 03:59:13,,I've arrived,push,out
2024-10-26 10:43:20,,"OK, got it!",push,out
2024-10-26 10:43:20,,"OK, got it!",intercom_text,out
2024-10-26 10:16:03,,I've arrived,push,out
2024-10-26 10:16:03,,I've arrived,intercom_text,out
2024-10-26 10:12:40,,5 minutes,push,out
2024-10-26 10:12:40,,5 minutes,intercom_text,out
2024-10-26 10:12:24,,I'm on my way,intercom_text,out
2024-10-26 10:12:24,,I'm on my way,push,out
2024-10-26 09:32:43,,"If i cancel it , it goes against me on the algorithm",intercom_text,out
2024-10-26 09:32:43,,"If i cancel it , it goes against me on the algorithm",push,out
2024-10-26 09:32:03,,Can you cancel it,intercom_text,out
2024-10-26 09:32:03,,Can you cancel it,push,out
2024-10-26 09:28:58,,I've arrived,push,out
2024-10-26 09:28:58,,I've arrived,intercom_text,out
2024-10-26 08:11:19,,I've arrived,push,out
2024-10-26 08:11:19,,I've arrived,intercom_text,out
2024-10-26 07:54:36,,I've arrived,push,out
2024-10-26 07:54:36,,I've arrived,intercom_text,out
2024-10-26 07:02:55,,I've arrived,push,out
2024-10-26 07:02:55,,I've arrived,intercom_text,out
2024-10-26 05:54:33,,I've arrived,push,out
2024-10-26 05:54:33,,I've arrived,intercom_text,out
2024-10-26 04:59:47,,I've arrived,intercom_text,out
2024-10-26 04:59:47,,I've arrived,push,out
2024-10-25 22:56:35,,Getting gas,push,out
2024-10-25 22:56:35,,Getting gas,intercom_text,out
2024-10-25 19:40:01,,I think I see your location i will go towards you,push,out
2024-10-25 19:40:01,,I think I see your location i will go towards you,intercom_text,out
2024-10-25 19:39:50,,Are you on the corner?,push,out
2024-10-25 19:39:50,,Are you on the corner?,intercom_text,out
2024-10-25 19:39:34,,"OK, got it!",intercom_text,out
2024-10-25 19:39:34,,"OK, got it!",push,out
2024-10-25 08:02:01,,I've arrived,push,out
2024-10-25 08:02:01,,I've arrived,intercom_text,out
2024-10-25 07:33:53,,No thank youüôèüèª,intercom_text,out
2024-10-25 07:33:17,,OK that‚Äôs OK. Thank you for the loyalty points.,intercom_text,out
2024-10-25 07:32:16,,Thank you,intercom_text,out
2024-10-25 07:29:18,,Ok,intercom_text,out
2024-10-25 07:28:24,,Thank you very much,intercom_text,out
2024-10-25 07:24:05,,I've arrived,intercom_text,out
2024-10-25 07:24:05,,I've arrived,push,out
2024-10-25 07:14:39,,I've arrived,push,out
2024-10-25 07:14:39,,I've arrived,intercom_text,out
2024-10-25 03:17:18,,"OK, got it!",push,out
2024-10-25 03:17:18,,"OK, got it!",intercom_text,out
2024-10-24 23:45:42,,I've arrived,push,out
2024-10-24 23:45:42,,I've arrived,intercom_text,out
2024-10-24 22:24:58,,I've arrived,intercom_text,out
2024-10-24 22:24:58,,I've arrived,push,out
2024-10-23 23:40:45,,I've arrived,push,out
2024-10-23 23:40:45,,I've arrived,intercom_text,out
2024-10-22 21:11:34,,I've arrived,intercom_text,out
2024-10-22 21:11:34,,I've arrived,push,out
2024-10-22 04:06:07,,"OK, got it!",intercom_text,out
2024-10-22 04:06:07,,"OK, got it!",push,out
2024-10-21 05:15:47,,There‚Äôs traffic to get inside but i‚Äôm almost there on highland,push,out
2024-10-21 05:15:47,,There‚Äôs traffic to get inside but i‚Äôm almost there on highland,intercom_text,out
2024-10-21 05:15:21,,"OK, got it!",push,out
2024-10-21 05:15:21,,"OK, got it!",intercom_text,out
2024-10-21 04:47:05,,Blue car,push,out
2024-10-21 04:47:05,,Blue car,intercom_text,out
2024-10-21 04:46:59,,Away from highland,push,out
2024-10-21 04:46:59,,Away from highland,intercom_text,out
2024-10-21 04:46:48,,Your left,intercom_text,out
2024-10-21 04:46:48,,Your left,push,out
2024-10-21 04:45:52,,I‚Äôm not sure the number. I see number 4 and 5,push,out
2024-10-21 04:45:52,,I‚Äôm not sure the number. I see number 4 and 5,intercom_text,out
2024-10-21 04:45:42,,Im in the first lane on your left,push,out
2024-10-21 04:45:42,,Im in the first lane on your left,intercom_text,out
2024-10-21 04:44:32,,"OK, got it!",push,out
2024-10-21 04:44:32,,"OK, got it!",intercom_text,out
2024-10-14 05:18:08,,"OK, got it!",push,out
2024-10-14 05:18:08,,"OK, got it!",intercom_text,out
2024-10-14 05:05:50,,I've arrived,intercom_text,out
2024-10-14 05:05:50,,I've arrived,push,out
2024-10-14 04:01:07,,Trying to get out,intercom_text,out
2024-10-14 04:01:07,,Trying to get out,push,out
2024-10-14 04:00:27,,Ok,push,out
2024-10-14 04:00:27,,Ok,intercom_text,out
2024-10-14 03:59:36,,Blue car,intercom_text,out
2024-10-14 03:59:36,,Blue car,push,out
2024-10-14 03:59:33,,Valet,intercom_text,out
2024-10-14 03:59:33,,Valet,push,out
2024-10-14 03:57:58,,I've arrived,push,out
2024-10-14 03:57:58,,I've arrived,intercom_text,out
2024-10-13 13:25:56,,I called. No answer,push,out
2024-10-13 13:25:55,,I called. No answer,intercom_text,out
2024-10-13 12:49:54,,"OK, got it!",intercom_text,out
2024-10-13 12:49:54,,"OK, got it!",push,out
2024-10-13 12:31:22,,"OK, got it!",push,out
2024-10-13 12:31:22,,"OK, got it!",intercom_text,out
2024-10-13 08:04:08,,Yes,intercom_text,out
2024-10-13 08:04:08,,Yes,push,out
2024-10-13 08:03:47,,I've arrived,intercom_text,out
2024-10-13 08:03:47,,I've arrived,push,out
2024-10-13 07:44:07,,"OK, got it!",intercom_text,out
2024-10-13 07:44:07,,"OK, got it!",push,out
2024-10-13 07:05:41,,I've arrived,push,out
2024-10-13 07:05:41,,I've arrived,intercom_text,out
2024-10-13 03:25:17,,"OK, got it!",intercom_text,out
2024-10-13 03:25:17,,"OK, got it!",push,out
2024-10-13 03:01:49,,I've arrived,intercom_text,out
2024-10-13 03:01:49,,I've arrived,push,out
2024-10-13 02:10:20,,"OK, got it!",intercom_text,out
2024-10-13 02:10:20,,"OK, got it!",push,out
2024-10-13 02:09:09,,Are you in alley or 17th?,intercom_text,out
2024-10-13 02:09:09,,Are you in alley or 17th?,push,out
2024-10-12 11:31:39,,"OK, got it!",push,out
2024-10-12 11:31:39,,"OK, got it!",intercom_text,out
2024-10-12 10:16:05,,I've arrived,intercom_text,out
2024-10-12 10:16:05,,I've arrived,push,out
2024-10-12 10:11:17,,I've arrived,intercom_text,out
2024-10-12 10:11:17,,I've arrived,push,out
2024-10-12 09:24:28,,"OK, got it!",push,out
2024-10-12 09:24:28,,"OK, got it!",intercom_text,out
2024-10-12 09:23:34,,I've arrived,push,out
2024-10-12 09:23:34,,I've arrived,intercom_text,out
2024-10-12 08:58:57,,I've arrived,push,out
2024-10-12 08:58:57,,I've arrived,intercom_text,out
2024-10-12 06:59:49,,I've arrived,push,out
2024-10-12 06:59:49,,I've arrived,intercom_text,out
2024-10-12 06:50:19,,"OK, got it!",push,out
2024-10-12 06:50:19,,"OK, got it!",intercom_text,out
2024-10-12 06:48:22,,I've arrived,push,out
2024-10-12 06:48:22,,I've arrived,intercom_text,out
2024-10-09 08:49:25,,I've arrived,push,out
2024-10-09 08:49:25,,I've arrived,intercom_text,out
2024-10-09 06:56:57,,"OK, got it!",intercom_text,out
2024-10-09 06:56:57,,"OK, got it!",push,out
2024-10-09 04:06:24,,"OK, got it!",intercom_text,out
2024-10-09 04:06:24,,"OK, got it!",push,out
2024-10-08 06:11:26,,Blue hyundai elantra,intercom_text,out
2024-10-08 06:11:26,,Blue hyundai elantra,push,out
2024-10-08 06:11:18,,I've arrived,intercom_text,out
2024-10-08 06:11:18,,I've arrived,push,out
2024-10-08 05:44:44,,Ok awesome. Blue hyundai elantra,intercom_text,out
2024-10-08 05:44:44,,Ok awesome. Blue hyundai elantra,push,out
2024-10-08 05:42:48,,In B line,push,out
2024-10-08 05:42:48,,In B line,intercom_text,out
2024-10-08 05:42:30,,"OK, got it!",intercom_text,out
2024-10-08 05:42:30,,"OK, got it!",push,out
2024-10-08 05:42:21,,I've arrived,push,out
2024-10-08 05:42:21,,I've arrived,intercom_text,out
2024-10-07 22:09:07,,I've arrived,intercom_text,out
2024-10-07 22:09:07,,I've arrived,push,out
2024-10-07 05:13:23,,Almost there,intercom_text,out
2024-10-07 05:13:23,,Almost there,push,out
2024-10-07 05:04:20,,"OK, got it!",intercom_text,out
2024-10-07 05:04:20,,"OK, got it!",push,out
2024-10-07 04:58:00,,"OK, got it!",push,out
2024-10-07 04:58:00,,"OK, got it!",intercom_text,out
2024-10-07 03:01:02,,I've arrived,push,out
2024-10-07 03:01:02,,I've arrived,intercom_text,out
2024-10-07 02:57:48,,"OK, got it!",push,out
2024-10-07 02:57:48,,"OK, got it!",intercom_text,out
2024-10-04 05:50:07,,I‚Äôm still here waiting outside,intercom_text,out
2024-10-04 05:50:07,,I‚Äôm still here waiting outside,push,out
2024-10-04 05:50:02,,"Sorry, I accidentally pressed the start ride on my CarPlay",push,out
2024-10-04 05:50:01,,"Sorry, I accidentally pressed the start ride on my CarPlay",intercom_text,out
2024-10-03 11:48:17,,"OK, got it!",push,out
2024-10-03 11:48:17,,"OK, got it!",intercom_text,out
2024-10-03 11:47:59,,When is the latest?,intercom_text,out
2024-10-03 11:44:41,,When is thet?,intercom_text,out
2024-10-03 11:43:38,,When will i get it,intercom_text,out
2024-10-03 11:43:30,,I completed it last quarter,intercom_text,out
2024-10-03 11:39:50,,At what point will I see my 50% health Care stipend,intercom_text,out
2024-10-03 11:39:21,,I know I did over 200 hours last quarter,intercom_text,out
2024-10-03 11:39:07,,Yes,intercom_text,out
2024-10-03 11:28:29,,Sure,intercom_text,out
2024-10-03 11:27:20,,When will I revieve last quarters healthcare stipend?,intercom_text,out
2024-10-03 02:21:31,,"OK, got it!",push,out
2024-10-03 02:21:31,,"OK, got it!",intercom_text,out
2024-10-03 02:20:46,,Which side of street?,intercom_text,out
2024-10-03 02:20:46,,Which side of street?,push,out
2024-10-03 02:20:40,,Traffic was going fast,push,out
2024-10-03 02:20:40,,Traffic was going fast,intercom_text,out
2024-10-03 02:20:26,,I think i passed you,intercom_text,out
2024-10-03 02:20:26,,I think i passed you,push,out
2024-10-02 23:17:49,,Where should I wait?,push,out
2024-10-02 23:17:49,,Where should I wait?,intercom_text,out
2024-10-02 23:17:21,,"OK, got it!",intercom_text,out
2024-10-02 23:17:21,,"OK, got it!",push,out
2024-10-02 23:16:29,,I've arrived,push,out
2024-10-02 23:16:29,,I've arrived,intercom_text,out
2024-10-02 23:05:53,,Im here,push,out
2024-10-02 23:05:53,,Im here,intercom_text,out
2024-10-02 23:05:50,,"OK, got it!",push,out
2024-10-02 23:05:50,,"OK, got it!",intercom_text,out
2024-10-01 19:49:51,,Usually it is available by tuesday every 2 weeks,intercom_text,out
2024-10-01 19:49:41,,No not for healthcare stipend. For the earnings garurentee,intercom_text,out
2024-10-01 19:48:30,,It shows no activity,intercom_text,out
2024-10-01 19:48:19,,For prop 22,intercom_text,out
2024-10-01 19:48:14,,I met the earnings garuentee for last 2 weeks pay period,intercom_text,out
2024-10-01 19:47:57,,Can I ask if,intercom_text,out
2024-10-01 19:47:42,,Lk,intercom_text,out
2024-10-01 19:44:25,,Can I ask you how many active hours I had last quarter?,intercom_text,out
2024-10-01 19:40:40,,Ok can I ask you if I was eligible?,intercom_text,out
2024-10-01 19:38:15,,I would like to know how many active hours I did for the quarter ending on september 30th,intercom_text,out
2024-10-01 19:33:08,,Is there no record of that?,intercom_text,out
2024-10-01 19:32:55,,I did well over the hours for last quarter to qualify for 50% of stipendt,intercom_text,out
2024-10-01 19:32:07,,Elevate this to your manager,intercom_text,out
2024-10-01 19:31:58,,"You should know that prop 22 is a law and if it‚Äôs not followed, there are consequences",intercom_text,out
2024-10-01 19:31:38,,That‚Äôs an FAQ,intercom_text,out
2024-10-01 19:31:31,,That link does not show me my activity,intercom_text,out
2024-10-01 19:29:33,,This screenshot shows I am eligible,intercom_text,out
2024-10-01 19:29:13,,Attachment - 1 Image,intercom_text,out
2024-10-01 19:28:54,,I did over 210 hours,intercom_text,out
2024-10-01 19:28:46,,Why was I not eligible for last quarter?,intercom_text,out
2024-10-01 19:28:41,,Wait,intercom_text,out
2024-10-01 19:23:23,,Last quarter stipend,intercom_text,out
2024-10-01 19:23:09,,I want to know if you can see on your end if I was eligible for last month stipend,intercom_text,out
2024-10-01 19:22:53,,"Well, I know that my hours are enough, but it‚Äôs not reflecting that in the app",intercom_text,out
2024-10-01 19:18:44,,Because the hours kept switching I‚Äôm pretty sure I was over 210 hours,intercom_text,out
2024-10-01 19:18:28,,Was I eligible for last quarter the one ending on September 30,intercom_text,out
2024-10-01 19:14:46,,Yes,intercom_text,out
2024-10-01 19:12:48,,"Hello, I would like to know at what point does my healthcare stipend get processed for last quarter?",intercom_text,out
2024-10-01 19:12:32,,Hi,intercom_text,out
2024-09-30 22:49:35,,"OK, got it!",intercom_text,out
2024-09-30 22:49:35,,"OK, got it!",push,out
2024-09-30 21:14:29,,Im here,intercom_text,out
2024-09-30 21:14:20,,I'm on my way,intercom_text,out
2024-09-30 21:13:22,,I've arrived,intercom_text,out
2024-09-30 20:13:32,,I've arrived,intercom_text,out
2024-09-30 08:21:10,,"OK, got it!",push,out
2024-09-30 08:21:09,,"OK, got it!",intercom_text,out
2024-09-30 07:33:06,,"OK, got it!",intercom_text,out
2024-09-30 06:59:13,,I've arrived,intercom_text,out
2024-09-30 06:59:13,,I've arrived,push,out
2024-09-30 06:48:04,,I've arrived,intercom_text,out
2024-09-30 06:48:04,,I've arrived,push,out
2024-09-30 04:06:51,,"OK, got it!",intercom_text,out
2024-09-30 04:06:51,,"OK, got it!",push,out
2024-09-29 21:57:08,,"OK, got it!",push,out
2024-09-29 21:57:08,,"OK, got it!",intercom_text,out
2024-09-29 13:15:47,,"OK, got it!",intercom_text,out
2024-09-29 13:15:47,,"OK, got it!",push,out
2024-09-29 13:15:28,,I've arrived,intercom_text,out
2024-09-29 13:15:28,,I've arrived,push,out
2024-09-28 13:42:08,,"OK, got it!",intercom_text,out
2024-09-28 13:42:08,,"OK, got it!",push,out
2024-09-28 12:42:05,,Ok,push,out
2024-09-28 12:42:04,,Ok,intercom_text,out
2024-09-28 10:29:06,,Ok,intercom_text,out
2024-09-28 10:29:06,,Ok,push,out
2024-09-28 10:28:36,,Am i at the right van?,push,out
2024-09-28 10:28:36,,Am i at the right van?,intercom_text,out
2024-09-28 10:27:46,,Ok,intercom_text,out
2024-09-28 10:27:46,,Ok,push,out
2024-09-28 10:26:54,,Which way,intercom_text,out
2024-09-28 10:26:54,,Which way,push,out
2024-09-28 09:34:08,,I've arrived,intercom_text,out
2024-09-28 09:03:12,,I've arrived,intercom_text,out
2024-09-28 09:03:12,,I've arrived,push,out
2024-09-27 10:50:20,,I've arrived,push,out
2024-09-27 10:50:20,,I've arrived,intercom_text,out
2024-09-27 09:09:57,,Just getting some quick gas I‚Äôll be there in a minute,push,out
2024-09-27 09:09:56,,Just getting some quick gas I‚Äôll be there in a minute,intercom_text,out
2024-09-27 08:45:32,,I've arrived,intercom_text,out
2024-09-27 08:39:06,,"OK, got it!",intercom_text,out
2024-09-27 07:58:02,,"OK, got it!",intercom_text,out
2024-09-27 07:58:02,,"OK, got it!",push,out
2024-09-27 06:39:21,,I've arrived,push,out
2024-09-27 06:39:21,,I've arrived,intercom_text,out
2024-09-26 22:48:44,,"OK, got it!",intercom_text,out
2024-09-26 22:48:44,,"OK, got it!",push,out
2024-09-26 21:54:21,,I've arrived,push,out
2024-09-26 21:54:21,,I've arrived,intercom_text,out
2024-09-25 06:37:48,,I've arrived,push,out
2024-09-25 06:37:48,,I've arrived,intercom_text,out
2024-09-25 06:04:07,,"OK, got it!",intercom_text,out
2024-09-25 06:04:07,,"OK, got it!",push,out
2024-09-24 20:21:00,,Im in my way,push,out
2024-09-24 20:21:00,,Im in my way,intercom_text,out
2024-09-24 20:19:49,,Gayley ?,intercom_text,out
2024-09-24 20:19:49,,Gayley ?,push,out
2024-09-24 20:19:43,,Ok i think i see where you are,intercom_text,out
2024-09-24 20:19:43,,Ok i think i see where you are,push,out
2024-09-24 20:19:07,,Is it easier if i come towards you?,intercom_text,out
2024-09-24 20:19:07,,Is it easier if i come towards you?,push,out
2024-09-24 20:17:51,,"OK, got it!",intercom_text,out
2024-09-24 20:17:51,,"OK, got it!",push,out
2024-09-24 20:15:04,,I've arrived,push,out
2024-09-24 20:15:04,,I've arrived,intercom_text,out
2024-09-24 19:00:26,,On corner,push,out
2024-09-24 19:00:25,,On corner,intercom_text,out
2024-09-24 19:00:22,,I've arrived,push,out
2024-09-24 19:00:22,,I've arrived,intercom_text,out
2024-09-24 17:50:55,,I've arrived,push,out
2024-09-24 17:50:55,,I've arrived,intercom_text,out
2024-09-17 09:06:48,,I've arrived,intercom_text,out
2024-09-17 09:06:48,,I've arrived,push,out
2024-09-17 08:57:28,,"OK, got it!",push,out
2024-09-17 08:57:28,,"OK, got it!",intercom_text,out
2024-09-16 13:04:30,,"Just getting some gas , i‚Äôll be right there",intercom_text,out
2024-09-16 03:47:08,,"OK, got it!",intercom_text,out
2024-09-16 03:47:08,,"OK, got it!",push,out
2024-09-16 03:06:27,,I've arrived,push,out
2024-09-16 03:06:27,,I've arrived,intercom_text,out
2024-09-15 10:11:54,,I've arrived,push,out
2024-09-15 10:11:54,,I've arrived,intercom_text,out
2024-09-15 05:28:55,,I've arrived,intercom_text,out
2024-09-15 05:28:55,,I've arrived,push,out
2024-09-15 03:06:29,,"OK, got it!",push,out
2024-09-15 03:06:29,,"OK, got it!",intercom_text,out
2024-09-14 22:09:25,,I've arrived,intercom_text,out
2024-09-14 22:09:25,,I've arrived,push,out
2024-09-14 07:03:24,,I've arrived,push,out
2024-09-14 07:03:24,,I've arrived,intercom_text,out
2024-09-14 06:01:28,,I've arrived,intercom_text,out
2024-09-14 06:01:28,,I've arrived,push,out
2024-09-14 05:12:38,,I've arrived,intercom_text,out
2024-09-14 05:12:38,,I've arrived,push,out
2024-09-13 10:42:41,,I've arrived,intercom_text,out
2024-09-13 10:42:41,,I've arrived,push,out
2024-09-13 10:12:26,,I've arrived,intercom_text,out
2024-09-13 10:12:26,,I've arrived,push,out
2024-09-13 08:08:07,,I've arrived,intercom_text,out
2024-09-13 06:21:31,,Lane 1,intercom_text,out
2024-09-13 06:21:31,,Lane 1,push,out
2024-09-13 06:09:10,,"OK, got it!",intercom_text,out
2024-09-13 06:09:10,,"OK, got it!",push,out
2024-09-13 04:45:24,,"OK, got it!",intercom_text,out
2024-09-13 04:45:24,,"OK, got it!",push,out
2024-09-13 04:43:22,,I've arrived,intercom_text,out
2024-09-13 04:43:22,,I've arrived,push,out
2024-09-13 04:40:31,,I've arrived,intercom_text,out
2024-09-13 04:40:31,,I've arrived,push,out
2024-09-13 04:22:30,,"OK, got it!",push,out
2024-09-13 04:22:30,,"OK, got it!",intercom_text,out
2024-09-12 09:17:32,,I've arrived,intercom_text,out
2024-09-12 09:17:32,,I've arrived,push,out
2024-09-12 08:52:33,,"OK, got it!",push,out
2024-09-12 08:52:33,,"OK, got it!",intercom_text,out
2024-09-12 08:25:49,,I've arrived,push,out
2024-09-12 08:25:49,,I've arrived,intercom_text,out
2024-09-11 16:30:33,,"OK, got it!",intercom_text,out
2024-09-11 05:28:21,,I've arrived,push,out
2024-09-11 05:28:21,,I've arrived,intercom_text,out
2024-09-10 12:10:53,,"OK, got it!",push,out
2024-09-10 12:10:53,,"OK, got it!",intercom_text,out
2024-09-10 11:56:30,,I've arrived,push,out
2024-09-10 11:56:30,,I've arrived,intercom_text,out
2024-09-10 10:17:46,,I've arrived,push,out
2024-09-10 10:17:46,,I've arrived,intercom_text,out
2024-09-10 05:33:33,,"OK, got it!",intercom_text,out
2024-09-10 05:33:33,,"OK, got it!",push,out
2024-09-09 21:32:28,,"OK, got it!",intercom_text,out
2024-09-09 21:23:56,,"OK, got it!",intercom_text,out
2024-09-09 20:40:12,,I called,intercom_text,out
2024-09-09 20:35:43,,"OK, got it!",intercom_text,out
2024-09-09 05:21:39,,"OK, got it!",intercom_text,out
2024-09-06 12:17:20,,"OK, got it!",push,out
2024-09-06 12:17:20,,"OK, got it!",intercom_text,out
2024-09-06 11:39:52,,I've arrived,push,out
2024-09-06 11:39:52,,I've arrived,intercom_text,out
2024-09-06 10:42:13,,I've arrived,intercom_text,out
2024-09-06 10:12:10,,I've arrived,intercom_text,out
2024-09-06 09:42:56,,I've arrived,intercom_text,out
2024-09-06 09:42:56,,I've arrived,push,out
2024-09-06 08:42:36,,"OK, got it!",intercom_text,out
2024-09-06 08:42:36,,"OK, got it!",push,out
2024-09-06 08:42:19,,I've arrived,intercom_text,out
2024-09-06 08:42:19,,I've arrived,push,out
2024-09-05 05:31:27,,I've arrived,intercom_text,out
2024-09-05 05:31:27,,I've arrived,push,out
2024-09-05 03:52:24,,I've arrived,intercom_text,out
2024-09-05 03:52:24,,I've arrived,push,out
2024-09-05 03:04:57,,I've arrived,push,out
2024-09-05 03:04:57,,I've arrived,intercom_text,out
2024-09-05 00:11:40,,I've arrived,push,out
2024-09-05 00:11:40,,I've arrived,intercom_text,out
2024-09-04 07:29:23,,I've arrived,push,out
2024-09-04 07:29:23,,I've arrived,intercom_text,out
2024-09-04 02:33:35,,I've arrived,push,out
2024-09-04 02:33:35,,I've arrived,intercom_text,out
2024-09-01 06:04:04,,I've arrived,intercom_text,out
2024-09-01 06:04:04,,I've arrived,push,out
2024-09-01 05:56:21,,I've arrived,push,out
2024-09-01 05:56:21,,I've arrived,intercom_text,out
2024-09-01 05:22:54,,I've arrived,push,out
2024-09-01 05:22:54,,I've arrived,intercom_text,out
2024-09-01 02:52:10,,Fraud detection im right outside,intercom_text,out
2024-09-01 02:52:10,,Fraud detection im right outside,push,out
2024-09-01 02:52:01,,On phone with bank sorry lol,intercom_text,out
2024-09-01 02:52:01,,On phone with bank sorry lol,push,out
2024-09-01 02:51:50,,"OK, got it!",intercom_text,out
2024-09-01 02:51:50,,"OK, got it!",push,out
2024-08-30 11:52:07,,I've arrived,intercom_text,out
2024-08-30 11:52:07,,I've arrived,push,out
2024-08-30 09:52:44,,Ok thank you,intercom_text,out
2024-08-30 09:42:18,,"What should‚Äôve been a five minute ride turned into a 20 minute ride , it was a waste of time",intercom_text,out
2024-08-30 09:30:40,,Ok,push,out
2024-08-30 09:30:40,,Ok,intercom_text,out
2024-08-30 09:30:22,,1735 la brea?,intercom_text,out
2024-08-30 09:30:22,,1735 la brea?,push,out
2024-08-30 09:30:06,,I've arrived,intercom_text,out
2024-08-30 09:30:06,,I've arrived,push,out
2024-08-30 09:16:58,,I've arrived,push,out
2024-08-30 09:16:58,,I've arrived,intercom_text,out
2024-08-30 09:02:44,,I've arrived,intercom_text,out
2024-08-30 09:02:44,,I've arrived,push,out
2024-08-28 09:02:28,,"OK, got it!",intercom_text,out
2024-08-28 07:44:33,,I've arrived,intercom_text,out
2024-08-26 07:49:36,,I've arrived,push,out
2024-08-26 07:49:36,,I've arrived,intercom_text,out
2024-08-24 12:15:08,,Ok thank you!,intercom_text,out
2024-08-24 12:15:08,,Ok thank you!,push,out
2024-08-24 12:14:42,,Ok is it kew drive?,push,out
2024-08-24 12:14:41,,Ok is it kew drive?,intercom_text,out
2024-08-24 11:32:26,,"OK, got it!",intercom_text,out
2024-08-24 11:32:26,,"OK, got it!",push,out
2024-08-24 10:50:30,,I've arrived,intercom_text,out
2024-08-24 10:50:30,,I've arrived,push,out
2024-08-24 10:17:23,,I've arrived,push,out
2024-08-24 10:17:23,,I've arrived,intercom_text,out
2024-08-23 04:05:56,,Couldnt stay in the lane with the cars,intercom_text,out
2024-08-23 04:05:56,,Couldnt stay in the lane with the cars,push,out
2024-08-23 04:05:45,,Ok im right here,push,out
2024-08-23 04:05:45,,Ok im right here,intercom_text,out
2024-08-22 09:24:01,,I've arrived,push,out
2024-08-22 09:24:01,,I've arrived,intercom_text,out
2024-08-22 09:19:47,,I'm on my way,intercom_text,out
2024-08-22 09:19:47,,I'm on my way,push,out
2024-08-22 09:18:25,,I‚Äôve arrived,push,out
2024-08-22 09:18:25,,I‚Äôve arrived,intercom_text,out
2024-08-22 07:54:42,,I've arrived,push,out
2024-08-22 07:54:41,,I've arrived,intercom_text,out
2024-08-22 07:28:08,,I've arrived,intercom_text,out
2024-08-22 07:28:08,,I've arrived,push,out
2024-08-22 06:05:13,,Blue car,push,out
2024-08-22 06:05:13,,Blue car,intercom_text,out
2024-08-22 01:05:46,,I've arrived,intercom_text,out
2024-08-22 01:05:46,,I've arrived,push,out
2024-08-22 00:22:19,,I've arrived,push,out
2024-08-22 00:22:19,,I've arrived,intercom_text,out
2024-08-20 06:18:45,,I'm on my way,intercom_text,out
2024-08-20 06:18:45,,I'm on my way,push,out
2024-08-20 06:06:12,,"OK, got it!",push,out
2024-08-20 06:06:12,,"OK, got it!",intercom_text,out
2024-08-18 17:54:33,,I've arrived,push,out
2024-08-18 17:54:33,,I've arrived,intercom_text,out
2024-08-18 08:52:16,,"OK, got it!",push,out
2024-08-18 08:52:16,,"OK, got it!",intercom_text,out
2024-08-18 08:52:15,,I've arrived,intercom_text,out
2024-08-18 08:52:15,,I've arrived,push,out
2024-08-18 05:11:34,,I've arrived,push,out
2024-08-18 05:11:33,,I've arrived,intercom_text,out
2024-08-18 03:28:54,,"OK, got it!",push,out
2024-08-18 03:28:54,,"OK, got it!",intercom_text,out
2024-08-18 00:49:56,,I've arrived,intercom_text,out
2024-08-16 05:30:34,,"OK, got it!",intercom_text,out
2024-08-16 05:30:34,,"OK, got it!",push,out
2024-08-16 05:20:56,,I've arrived,push,out
2024-08-16 05:20:56,,I've arrived,intercom_text,out
2024-08-14 09:20:49,,I've arrived,push,out
2024-08-14 09:20:48,,I've arrived,intercom_text,out
2024-08-14 08:44:57,,I've arrived,intercom_text,out
2024-08-14 08:44:57,,I've arrived,push,out
2024-08-14 08:20:08,,Ok got it,push,out
2024-08-14 08:20:08,,Ok got it,intercom_text,out
2024-08-14 08:07:47,,I've arrived,intercom_text,out
2024-08-14 07:54:59,,I've arrived,intercom_text,out
2024-08-14 07:54:59,,I've arrived,push,out
2024-08-14 07:37:50,,I've arrived,push,out
2024-08-14 07:37:50,,I've arrived,intercom_text,out
2024-08-14 06:20:12,,I've arrived,push,out
2024-08-14 06:20:12,,I've arrived,intercom_text,out
2024-08-14 06:13:49,,I've arrived,intercom_text,out
2024-08-14 06:13:49,,I've arrived,push,out
2024-08-09 14:18:56,,I've arrived,intercom_text,out
2024-08-09 14:18:56,,I've arrived,push,out
2024-08-09 14:18:28,,"OK, got it!",intercom_text,out
2024-08-09 14:18:28,,"OK, got it!",push,out
2024-08-09 14:07:37,,I've arrived,push,out
2024-08-09 14:07:37,,I've arrived,intercom_text,out
2024-08-09 06:37:17,,"OK, got it!",intercom_text,out
2024-08-09 06:37:17,,"OK, got it!",push,out
2024-07-21 05:58:39,,Hey how are you what street are you on?,intercom_text,out
2024-07-21 05:58:39,,Hey how are you what street are you on?,push,out
2024-07-21 04:12:45,,Hey im a little bit pulled up to the right cuz i cant stop right in front,push,out
2024-07-21 04:12:45,,Hey im a little bit pulled up to the right cuz i cant stop right in front,intercom_text,out
2024-07-21 02:51:40,,Didjt have service up there so i left,intercom_text,out
2024-07-21 02:51:40,,Didjt have service up there so i left,push,out
2024-07-21 02:50:47,,I've arrived,push,out
2024-07-21 02:50:47,,I've arrived,intercom_text,out
2024-07-21 02:10:38,,I've arrived,intercom_text,out
2024-07-20 04:47:52,,Are you at teriyaki madness though?,intercom_text,out
2024-07-20 04:47:52,,Are you at teriyaki madness though?,push,out
2024-07-20 04:47:42,,Hey i think i‚Äôm where you are on the Gps,push,out
2024-07-20 04:47:41,,Hey i think i‚Äôm where you are on the Gps,intercom_text,out
2024-07-20 03:43:31,,The road is blocked off i can‚Äôt go up any further,push,out
2024-07-20 03:43:31,,The road is blocked off i can‚Äôt go up any further,intercom_text,out
2024-07-20 03:13:39,,"OK, got it!",intercom_text,out
2024-07-20 03:13:39,,"OK, got it!",push,out
2024-07-19 10:59:21,,"OK, got it!",intercom_text,out
2024-07-19 08:48:10,,I've arrived,push,out
2024-07-19 08:48:10,,I've arrived,intercom_text,out
2024-07-19 08:38:38,,I've arrived,intercom_text,out
2024-07-19 08:38:38,,I've arrived,push,out
2024-07-19 07:53:27,,"OK, got it!",intercom_text,out
2024-07-19 07:37:56,,"OK, got it!",intercom_text,out
2024-07-16 07:45:11,,"OK, got it!",intercom_text,out
2024-07-16 07:45:11,,"OK, got it!",push,out
2024-07-16 07:43:59,,Im 2 min asay,intercom_text,out
2024-07-16 07:43:59,,Im 2 min asay,push,out
2024-07-16 05:18:36,,"OK, got it!",push,out
2024-07-16 05:18:36,,"OK, got it!",intercom_text,out
2024-07-15 08:31:19,,Hey they gave me the wrong order‚Ä¶ im waiting in line again,push,out
2024-07-15 08:31:19,,Hey they gave me the wrong order‚Ä¶ im waiting in line again,intercom_text,out
2024-07-15 08:03:17,,"OK, got it!",intercom_text,out
2024-07-15 08:03:17,,"OK, got it!",push,out
2024-07-15 07:56:44,,"OK, got it!",intercom_text,out
2024-07-15 07:56:44,,"OK, got it!",push,out
2024-07-15 07:04:50,,"OK, got it!",push,out
2024-07-15 07:04:49,,"OK, got it!",intercom_text,out
2024-07-14 09:04:15,,Outside mr Furley‚Äôs bar,intercom_text,out
2024-07-14 09:02:59,,For my friend liliana,intercom_text,out
2024-07-07 01:10:34,,I've arrived,intercom_text,out
2024-07-07 01:10:34,,I've arrived,push,out
2024-07-07 01:04:18,,I've arrived,push,out
2024-07-07 01:04:18,,I've arrived,intercom_text,out
2024-07-06 07:17:29,,I've arrived,push,out
2024-07-06 07:17:29,,I've arrived,intercom_text,out
2024-07-05 23:25:11,,"OK, got it!",intercom_text,out
2024-07-05 06:07:51,,Be right there,intercom_text,out
2024-06-29 08:25:48,,Take your time,push,out
2024-06-29 08:25:48,,Take your time,intercom_text,out
2024-06-29 08:25:41,,I've arrived,intercom_text,out
2024-06-29 08:25:41,,I've arrived,push,out
2024-06-24 05:13:50,,"OK, got it!",push,out
2024-06-24 05:13:50,,"OK, got it!",intercom_text,out
2024-06-20 13:37:11,,I've arrived,intercom_text,out
2024-06-20 13:37:11,,I've arrived,push,out
2024-06-20 01:39:07,,"OK, got it!",intercom_text,out
2024-06-20 00:50:12,,On 380 w alameda,intercom_text,out
2024-06-20 00:50:12,,On 380 w alameda,push,out
2024-06-19 23:55:49,,Im in the back!,push,out
2024-06-19 23:55:49,,Im in the back!,intercom_text,out
2024-06-09 10:10:15,,I've arrived,intercom_text,out
2024-06-09 10:10:15,,I've arrived,push,out
2024-06-09 08:22:38,,"OK, got it!",push,out
2024-06-09 08:22:38,,"OK, got it!",intercom_text,out
2024-06-08 17:15:39,,I've arrived,intercom_text,out
2024-06-08 16:39:48,,"OK, got it!",intercom_text,out
2024-06-08 16:39:48,,"OK, got it!",push,out
2022-09-15 10:33:02,,Ill bdown two seconds,intercom_text,out
2022-09-15 10:25:25,,Ill meet u out front,intercom_text,out
2022-07-19 02:09:31,,I‚Äôll b right there,intercom_text,out
2022-07-19 02:06:22,,I‚Äôll meet you outside,intercom_text,out
2022-05-17 05:56:23,,I will come down,intercom_text,out
2022-05-17 05:56:04,,I will come down,intercom_text,out
2022-04-03 05:50:43,,Thanks!,intercom_text,out
2022-04-03 05:50:03,,Im coming down,intercom_text,out
2022-04-02 08:35:05,,I‚Äôll clme down. Ow,intercom_text,out
2022-01-31 05:30:59,,I‚Äôll meet you out front,intercom_text,out
2022-01-31 05:30:59,,I‚Äôll meet you out front,intercom_text,out
2022-01-30 02:31:01,,I‚Äôll meet you,intercom_text,out
2022-01-30 02:31:01,,I‚Äôll meet you,intercom_text,out
2022-01-19 08:17:20,,I‚Äôll meet you out fromt,intercom_text,out
2022-01-19 08:17:20,,I‚Äôll meet you out fromt,intercom_text,out
2022-01-18 05:48:33,,I‚Äôll meet you out front,intercom_text,out
2022-01-18 05:48:33,,I‚Äôll meet you out front,intercom_text,out
2022-01-11 02:47:12,,I have backpack on,intercom_text,out
2022-01-11 02:47:12,,I have backpack on,intercom_text,out
2022-01-11 02:47:02,,I‚Äôll meet you outfront,intercom_text,out
2022-01-11 02:47:02,,I‚Äôll meet you outfront,intercom_text,out
2021-11-12 05:49:16,,Ill meet you out fron,intercom_text,out
2021-11-12 05:49:16,,Ill meet you out fron,intercom_text,out
2021-11-12 03:56:24,,Im on the street,intercom_text,out
2021-11-12 03:56:24,,Im on the street,intercom_text,out
2021-11-12 03:56:18,,Front,intercom_text,out
2021-11-12 03:56:18,,Front,intercom_text,out
2021-11-12 03:56:16,,Ill meet you out fornt,intercom_text,out
2021-11-12 03:56:16,,Ill meet you out fornt,intercom_text,out
2021-11-05 07:40:04,,Thanks ill meet u out front,intercom_text,out
2021-11-05 07:40:04,,Thanks ill meet u out front,intercom_text,out
2021-10-14 07:10:35,,I will meet u out fron,intercom_text,out
2021-10-14 07:10:35,,I will meet u out fron,intercom_text,out
2021-10-12 07:21:29,,I will cone out,intercom_text,out
2021-10-12 07:21:29,,I will cone out,intercom_text,out
2021-10-12 07:13:43,,Thank you!,intercom_text,out
2021-10-12 07:13:43,,Thank you!,intercom_text,out
2021-10-12 07:11:30,,Thank u! And can u ask them if they have hot sauce if possible?,intercom_text,out
2021-10-12 07:11:30,,Thank u! And can u ask them if they have hot sauce if possible?,intercom_text,out
2021-10-12 07:11:17,,Ok maybe coke?,intercom_text,out
2021-10-12 07:11:17,,Ok maybe coke?,intercom_text,out
2021-10-10 10:27:56,,Ill come out,intercom_text,out
2021-10-10 10:27:56,,Ill come out,intercom_text,out
2021-10-05 10:19:15,,Ill come down theres a place to pull into after ladwp building,intercom_text,out
2021-10-05 10:19:15,,Ill come down theres a place to pull into after ladwp building,intercom_text,out
2021-09-02 05:39:40,,Ill meet u out front,intercom_text,out
2021-09-02 05:39:40,,Ill meet u out front,intercom_text,out
2021-08-19 04:57:06,,Im coming outsideo,intercom_text,out
2021-08-19 04:57:06,,Im coming outsideo,intercom_text,out
2021-08-11 16:37:50,,I actually think I forgot to update,sms,in
2021-08-11 16:37:50,,I actually think I forgot to update,sms,in
2021-08-11 16:37:37,,I put on metal plates recieved then in mail,sms,in
2021-08-11 16:37:37,,I put on metal plates recieved then in mail,sms,in
2021-08-11 16:37:24,,"For sure, i got a new car i have to update my new liscence from the first paper one they gave me at dealer",sms,in
2021-08-11 16:37:24,,"For sure, i got a new car i have to update my new liscence from the first paper one they gave me at dealer",sms,in
2021-08-11 16:34:52,,Says it needs to redo my background check i submitted my stuff and it never changed.,sms,in
2021-08-11 16:34:52,,Says it needs to redo my background check i submitted my stuff and it never changed.,sms,in
2021-08-11 16:34:47,,I just did it again,sms,in
2021-08-11 16:34:47,,I just did it again,sms,in
2021-08-11 16:33:16,,It's not letting me sign on in my uber driver app,sms,in
2021-08-11 16:33:16,,It's not letting me sign on in my uber driver app,sms,in
2021-08-11 16:33:10,,It's not letting me sign on in my uber driver app,sms,in
2021-08-11 16:33:10,,It's not letting me sign on in my uber driver app,sms,in
2021-08-11 16:20:52,,Yes,sms,in
2021-08-11 16:20:52,,Yes,sms,in
2021-08-11 16:20:46,,Yes,sms,in
2021-08-11 16:20:46,,Yes,sms,in
2021-08-06 01:16:04,,Ill meet u out front,intercom_text,out
2021-08-06 01:16:04,,Ill meet u out front,intercom_text,out
2021-07-13 05:42:02,,I've arrived,push,out
2021-07-13 05:42:02,,I've arrived,push,out
2021-07-13 05:42:01,,I've arrived,intercom_text,out
2021-07-13 05:42:01,,I've arrived,intercom_text,out
2021-07-13 05:26:05,,Tha ks!,push,out
2021-07-13 05:26:05,,Tha ks!,push,out
2021-07-13 05:26:05,,Tha ks!,intercom_text,out
2021-07-13 05:26:05,,Tha ks!,intercom_text,out
2021-07-13 05:25:09,,"OK, got it!",push,out
2021-07-13 05:25:09,,"OK, got it!",intercom_text,out
2021-07-13 05:25:09,,"OK, got it!",intercom_text,out
2021-07-13 05:25:09,,"OK, got it!",push,out
2021-07-13 05:24:59,,"OK, got it!",push,out
2021-07-13 05:24:59,,"OK, got it!",intercom_text,out
2021-07-13 05:24:59,,"OK, got it!",intercom_text,out
2021-07-13 05:24:59,,"OK, got it!",push,out
2021-07-13 05:24:48,,"OK, got it!",push,out
2021-07-13 05:24:48,,"OK, got it!",push,out
2021-07-13 05:24:48,,"OK, got it!",intercom_text,out
2021-07-13 05:24:48,,"OK, got it!",intercom_text,out
2021-07-13 03:42:59,,Oh wait‚Äî- sorry nevermind i was confused! The orher customer had the water nevermind!,push,out
2021-07-13 03:42:59,,Oh wait‚Äî- sorry nevermind i was confused! The orher customer had the water nevermind!,push,out
2021-07-13 03:42:59,,Oh wait‚Äî- sorry nevermind i was confused! The orher customer had the water nevermind!,intercom_text,out
2021-07-13 03:42:59,,Oh wait‚Äî- sorry nevermind i was confused! The orher customer had the water nevermind!,intercom_text,out
2021-07-13 03:42:31,,Was it aqua panna?,push,out
2021-07-13 03:42:31,,Was it aqua panna?,intercom_text,out
2021-07-13 03:42:31,,Was it aqua panna?,intercom_text,out
2021-07-13 03:42:31,,Was it aqua panna?,push,out
2021-07-13 03:42:23,,I left it with the other customer by accident,intercom_text,out
2021-07-13 03:42:23,,I left it with the other customer by accident,push,out
2021-07-13 03:42:23,,I left it with the other customer by accident,push,out
2021-07-13 03:42:23,,I left it with the other customer by accident,intercom_text,out
2021-07-13 03:42:14,,I will bring you another one right now,intercom_text,out
2021-07-13 03:42:14,,I will bring you another one right now,intercom_text,out
2021-07-13 03:42:14,,I will bring you another one right now,push,out
2021-07-13 03:42:14,,I will bring you another one right now,push,out
2021-07-13 03:42:06,,I forgot the water,push,out
2021-07-13 03:42:06,,I forgot the water,push,out
2021-07-13 03:42:05,,I forgot the water,intercom_text,out
2021-07-13 03:42:05,,I forgot the water,intercom_text,out
2021-06-25 03:01:02,,I've arrived,intercom_text,out
2021-06-25 03:01:02,,I've arrived,intercom_text,out
2021-06-25 03:01:02,,I've arrived,push,out
2021-06-25 03:01:02,,I've arrived,push,out
2021-06-25 02:59:41,,"OK, got it!",intercom_text,out
2021-06-25 02:59:41,,"OK, got it!",push,out
2021-06-25 02:59:41,,"OK, got it!",push,out
2021-06-25 02:59:41,,"OK, got it!",intercom_text,out
2021-06-25 02:34:28,,"OK, got it!",push,out
2021-06-25 02:34:28,,"OK, got it!",intercom_text,out
2021-06-25 02:34:28,,"OK, got it!",push,out
2021-06-25 02:34:28,,"OK, got it!",intercom_text,out
2021-06-25 02:34:28,,"OK, got it!",push,out
2021-06-25 02:34:28,,"OK, got it!",push,out
2021-06-25 02:34:28,,"OK, got it!",push,out
2021-06-25 02:34:28,,"OK, got it!",push,out
2021-06-25 02:34:19,,Yes,push,out
2021-06-25 02:34:19,,Yes,intercom_text,out
2021-06-25 02:34:19,,Yes,push,out
2021-06-25 02:34:19,,Yes,intercom_text,out
2021-06-25 02:34:19,,Yes,push,out
2021-06-25 02:34:19,,Yes,push,out
2021-06-25 02:34:19,,Yes,push,out
2021-06-25 02:34:19,,Yes,push,out
2021-06-25 02:33:36,,I've arrived,intercom_text,out
2021-06-25 02:33:36,,I've arrived,intercom_text,out
2021-06-25 02:33:36,,I've arrived,push,out
2021-06-25 02:33:36,,I've arrived,push,out
2021-06-25 02:33:36,,I've arrived,push,out
2021-06-25 02:33:36,,I've arrived,push,out
2021-06-25 02:33:36,,I've arrived,push,out
2021-06-25 02:33:36,,I've arrived,push,out
2021-06-25 02:13:09,,I've arrived,intercom_text,out
2021-06-25 02:13:09,,I've arrived,intercom_text,out
2021-06-15 00:13:35,,I've arrived,push,out
2021-06-15 00:13:35,,I've arrived,push,out
2021-06-15 00:13:35,,I've arrived,intercom_text,out
2021-06-15 00:13:35,,I've arrived,intercom_text,out
2021-06-15 00:13:26,,"OK, got it!",push,out
2021-06-15 00:13:26,,"OK, got it!",intercom_text,out
2021-06-15 00:13:26,,"OK, got it!",intercom_text,out
2021-06-15 00:13:26,,"OK, got it!",push,out
2021-06-15 00:13:22,,"OK, got it!",intercom_text,out
2021-06-15 00:13:22,,"OK, got it!",intercom_text,out
2021-06-15 00:13:22,,"OK, got it!",push,out
2021-06-15 00:13:22,,"OK, got it!",push,out
2021-06-15 00:12:23,,I've arrived,intercom_text,out
2021-06-15 00:12:23,,I've arrived,push,out
2021-06-15 00:12:23,,I've arrived,push,out
2021-06-15 00:12:23,,I've arrived,intercom_text,out
2021-06-15 00:05:11,,I've arrived,intercom_text,out
2021-06-15 00:05:11,,I've arrived,push,out
2021-06-15 00:05:11,,I've arrived,push,out
2021-06-15 00:05:11,,I've arrived,intercom_text,out
2021-06-14 23:43:33,,"OK, got it!",intercom_text,out
2021-06-14 23:43:33,,"OK, got it!",push,out
2021-06-14 23:43:33,,"OK, got it!",intercom_text,out
2021-06-14 23:43:33,,"OK, got it!",push,out
2021-06-14 23:28:51,,"OK, got it!",intercom_text,out
2021-06-14 23:28:51,,"OK, got it!",intercom_text,out
2021-06-14 23:28:51,,"OK, got it!",push,out
2021-06-14 23:28:51,,"OK, got it!",push,out
2021-06-14 22:32:42,,I've arrived,push,out
2021-06-14 22:32:42,,I've arrived,intercom_text,out
2021-06-14 22:32:42,,I've arrived,push,out
2021-06-14 22:32:42,,I've arrived,intercom_text,out
2021-06-14 22:03:44,,"OK, got it!",push,out
2021-06-14 22:03:44,,"OK, got it!",push,out
2021-06-14 22:03:43,,"OK, got it!",intercom_text,out
2021-06-14 22:03:43,,"OK, got it!",intercom_text,out
2021-06-14 22:02:29,,Would u like blueberry or peach?,push,out
2021-06-14 22:02:29,,Would u like blueberry or peach?,push,out
2021-06-14 22:02:28,,Would u like blueberry or peach?,intercom_text,out
2021-06-14 22:02:28,,Would u like blueberry or peach?,intercom_text,out
2021-06-14 22:02:21,,They dont have strawberry lemonade,push,out
2021-06-14 22:02:21,,They dont have strawberry lemonade,intercom_text,out
2021-06-14 22:02:21,,They dont have strawberry lemonade,intercom_text,out
2021-06-14 22:02:21,,They dont have strawberry lemonade,push,out
2021-06-13 21:30:02,,I've arrived,push,out
2021-06-13 21:30:02,,I've arrived,push,out
2021-06-13 21:30:02,,I've arrived,intercom_text,out
2021-06-13 21:30:02,,I've arrived,intercom_text,out
2021-06-11 06:35:29,,I've arrived,intercom_text,out
2021-06-11 06:35:29,,I've arrived,intercom_text,out
2021-06-11 05:58:15,,I've arrived,intercom_text,out
2021-06-11 05:58:15,,I've arrived,intercom_text,out
2021-06-11 04:43:42,,I can‚Äôt find the door,push,out
2021-06-11 04:43:42,,I can‚Äôt find the door,push,out
2021-06-11 04:43:42,,I can‚Äôt find the door,intercom_text,out
2021-06-11 04:43:42,,I can‚Äôt find the door,intercom_text,out
2021-06-11 04:43:42,,I can‚Äôt find the door,push,out
2021-06-11 04:43:42,,I can‚Äôt find the door,push,out
2021-06-11 04:43:42,,I can‚Äôt find the door,push,out
2021-06-11 04:43:42,,I can‚Äôt find the door,push,out
2021-06-11 04:43:42,,I can‚Äôt find the door,push,out
2021-06-11 04:43:42,,I can‚Äôt find the door,push,out
2021-06-11 04:43:42,,I can‚Äôt find the door,push,out
2021-06-11 04:43:42,,I can‚Äôt find the door,push,out
2021-06-11 03:33:59,,I've arrived,push,out
2021-06-11 03:33:59,,I've arrived,intercom_text,out
2021-06-11 03:33:59,,I've arrived,push,out
2021-06-11 03:33:59,,I've arrived,intercom_text,out
2021-06-10 19:52:09,,"OK, got it!",intercom_text,out
2021-06-10 19:52:09,,"OK, got it!",intercom_text,out
2021-06-10 19:52:09,,"OK, got it!",push,out
2021-06-10 19:52:09,,"OK, got it!",push,out
2021-06-10 19:51:59,,"OK, got it!",intercom_text,out
2021-06-10 19:51:59,,"OK, got it!",push,out
2021-06-10 19:51:59,,"OK, got it!",intercom_text,out
2021-06-10 19:51:59,,"OK, got it!",push,out
2021-06-10 19:51:49,,"OK, got it!",push,out
2021-06-10 19:51:49,,"OK, got it!",push,out
2021-06-10 19:51:49,,"OK, got it!",intercom_text,out
2021-06-10 19:51:49,,"OK, got it!",intercom_text,out
2021-06-10 19:51:49,,"OK, got it!",intercom_text,out
2021-06-08 01:59:13,,"OK, got it!",intercom_text,out
2021-06-08 01:59:13,,"OK, got it!",push,out
2021-06-08 01:59:13,,"OK, got it!",push,out
2021-06-08 01:59:13,,"OK, got it!",intercom_text,out
2021-06-08 01:59:12,,Nvm,push,out
2021-06-08 01:59:12,,Nvm,intercom_text,out
2021-06-08 01:59:12,,Nvm,intercom_text,out
2021-06-08 01:59:12,,Nvm,push,out
2021-06-08 01:58:48,,I can‚Äôt find the door,push,out
2021-06-08 01:58:48,,I can‚Äôt find the door,intercom_text,out
2021-06-08 01:58:48,,I can‚Äôt find the door,intercom_text,out
2021-06-08 01:58:48,,I can‚Äôt find the door,push,out
2021-06-08 01:48:07,,I got in !,push,out
2021-06-08 01:48:07,,I got in !,push,out
2021-06-08 01:48:07,,I got in !,push,out
2021-06-08 01:48:07,,I got in !,intercom_text,out
2021-06-08 01:48:07,,I got in !,push,out
2021-06-08 01:48:07,,I got in !,push,out
2021-06-08 01:48:07,,I got in !,push,out
2021-06-08 01:48:07,,I got in !,intercom_text,out
2021-06-08 01:47:38,,I've arrived,push,out
2021-06-08 01:47:38,,I've arrived,push,out
2021-06-08 01:47:38,,I've arrived,intercom_text,out
2021-06-08 01:47:38,,I've arrived,push,out
2021-06-08 01:47:38,,I've arrived,push,out
2021-06-08 01:47:38,,I've arrived,push,out
2021-06-08 01:47:38,,I've arrived,push,out
2021-06-08 01:47:38,,I've arrived,intercom_text,out
2021-06-08 01:35:02,,Coming up,push,out
2021-06-08 01:35:02,,Coming up,intercom_text,out
2021-06-08 01:35:02,,Coming up,intercom_text,out
2021-06-08 01:35:02,,Coming up,push,out
2021-06-08 01:34:56,,"OK, got it!",intercom_text,out
2021-06-08 01:34:56,,"OK, got it!",push,out
2021-06-08 01:34:56,,"OK, got it!",intercom_text,out
2021-06-08 01:34:56,,"OK, got it!",push,out
2021-06-08 01:33:26,,I tried to buzz,intercom_text,out
2021-06-08 01:33:26,,I tried to buzz,push,out
2021-06-08 01:33:26,,I tried to buzz,intercom_text,out
2021-06-08 01:33:26,,I tried to buzz,push,out
2021-06-08 01:32:59,,I've arrived,push,out
2021-06-08 01:32:59,,I've arrived,push,out
2021-06-08 01:32:57,,I've arrived,intercom_text,out
2021-06-08 01:32:57,,I've arrived,intercom_text,out
2021-06-01 00:06:53,,I've arrived,intercom_text,out
2021-06-01 00:06:53,,I've arrived,push,out
2021-06-01 00:06:53,,I've arrived,push,out
2021-06-01 00:06:53,,I've arrived,intercom_text,out
2021-05-31 23:24:17,,"OK, got it!",push,out
2021-05-31 23:24:17,,"OK, got it!",intercom_text,out
2021-05-31 23:24:17,,"OK, got it!",push,out
2021-05-31 23:24:17,,"OK, got it!",push,out
2021-05-31 23:24:17,,"OK, got it!",push,out
2021-05-31 23:24:17,,"OK, got it!",push,out
2021-05-31 23:24:17,,"OK, got it!",push,out
2021-05-31 23:24:17,,"OK, got it!",push,out
2021-05-31 23:24:17,,"OK, got it!",push,out
2021-05-31 23:24:17,,"OK, got it!",intercom_text,out
2021-05-31 23:24:17,,"OK, got it!",intercom_text,out
2021-05-31 23:23:49,,Which snapple,push,out
2021-05-31 23:23:49,,Which snapple,intercom_text,out
2021-05-31 23:23:49,,Which snapple,push,out
2021-05-31 23:23:49,,Which snapple,push,out
2021-05-31 23:23:49,,Which snapple,push,out
2021-05-31 23:23:49,,Which snapple,intercom_text,out
2021-05-31 23:23:49,,Which snapple,push,out
2021-05-31 23:23:49,,Which snapple,push,out
2021-05-31 23:23:49,,Which snapple,push,out
2021-05-31 23:23:49,,Which snapple,push,out
2021-05-31 23:23:20,,Do you want anything else or no just cancel it...,push,out
2021-05-31 23:23:20,,Do you want anything else or no just cancel it...,push,out
2021-05-31 23:23:20,,Do you want anything else or no just cancel it...,push,out
2021-05-31 23:23:20,,Do you want anything else or no just cancel it...,push,out
2021-05-31 23:23:20,,Do you want anything else or no just cancel it...,push,out
2021-05-31 23:23:20,,Do you want anything else or no just cancel it...,push,out
2021-05-31 23:23:20,,Do you want anything else or no just cancel it...,push,out
2021-05-31 23:23:20,,Do you want anything else or no just cancel it...,intercom_text,out
2021-05-31 23:23:20,,Do you want anything else or no just cancel it...,intercom_text,out
2021-05-31 23:23:20,,Do you want anything else or no just cancel it...,push,out
2021-05-31 23:22:08,,They have snapple rasberry peach lemon...,push,out
2021-05-31 23:22:08,,They have snapple rasberry peach lemon...,push,out
2021-05-31 23:22:08,,They have snapple rasberry peach lemon...,intercom_text,out
2021-05-31 23:22:08,,They have snapple rasberry peach lemon...,push,out
2021-05-31 23:22:08,,They have snapple rasberry peach lemon...,push,out
2021-05-31 23:22:08,,They have snapple rasberry peach lemon...,push,out
2021-05-31 23:22:08,,They have snapple rasberry peach lemon...,intercom_text,out
2021-05-31 23:22:08,,They have snapple rasberry peach lemon...,push,out
2021-05-31 23:22:08,,They have snapple rasberry peach lemon...,push,out
2021-05-31 23:22:08,,They have snapple rasberry peach lemon...,push,out
2021-05-31 23:22:00,,From zest grill house,push,out
2021-05-31 23:22:00,,From zest grill house,push,out
2021-05-31 23:22:00,,From zest grill house,push,out
2021-05-31 23:22:00,,From zest grill house,push,out
2021-05-31 23:22:00,,From zest grill house,intercom_text,out
2021-05-31 23:22:00,,From zest grill house,push,out
2021-05-31 23:22:00,,From zest grill house,push,out
2021-05-31 23:22:00,,From zest grill house,push,out
2021-05-31 23:22:00,,From zest grill house,push,out
2021-05-31 23:22:00,,From zest grill house,intercom_text,out
2021-05-31 23:21:49,,Do you want to substitute yogurt drink because they don‚Äôt have it?,push,out
2021-05-31 23:21:49,,Do you want to substitute yogurt drink because they don‚Äôt have it?,push,out
2021-05-31 23:21:49,,Do you want to substitute yogurt drink because they don‚Äôt have it?,push,out
2021-05-31 23:21:49,,Do you want to substitute yogurt drink because they don‚Äôt have it?,intercom_text,out
2021-05-31 23:21:49,,Do you want to substitute yogurt drink because they don‚Äôt have it?,push,out
2021-05-31 23:21:49,,Do you want to substitute yogurt drink because they don‚Äôt have it?,push,out
2021-05-31 23:21:49,,Do you want to substitute yogurt drink because they don‚Äôt have it?,push,out
2021-05-31 23:21:49,,Do you want to substitute yogurt drink because they don‚Äôt have it?,push,out
2021-05-31 23:21:49,,Do you want to substitute yogurt drink because they don‚Äôt have it?,push,out
2021-05-31 23:21:49,,Do you want to substitute yogurt drink because they don‚Äôt have it?,intercom_text,out
2021-05-31 18:22:34,,Thank you!,push,out
2021-05-31 18:22:34,,Thank you!,push,out
2021-05-31 18:22:34,,Thank you!,intercom_text,out
2021-05-31 18:22:34,,Thank you!,push,out
2021-05-31 18:22:34,,Thank you!,intercom_text,out
2021-05-31 18:22:34,,Thank you!,push,out
2021-05-31 18:22:07,,"It‚Äôs not ready yet , it should be ready soon",push,out
2021-05-31 18:22:07,,"It‚Äôs not ready yet , it should be ready soon",push,out
2021-05-31 18:22:07,,"It‚Äôs not ready yet , it should be ready soon",intercom_text,out
2021-05-31 18:22:07,,"It‚Äôs not ready yet , it should be ready soon",intercom_text,out
2021-05-31 18:22:07,,"It‚Äôs not ready yet , it should be ready soon",push,out
2021-05-31 18:22:07,,"It‚Äôs not ready yet , it should be ready soon",push,out
2021-05-31 18:21:24,,Hey still waiting for the order,push,out
2021-05-31 18:21:24,,Hey still waiting for the order,push,out
2021-05-31 18:21:24,,Hey still waiting for the order,push,out
2021-05-31 18:21:24,,Hey still waiting for the order,intercom_text,out
2021-05-31 18:21:24,,Hey still waiting for the order,intercom_text,out
2021-05-31 18:21:24,,Hey still waiting for the order,push,out
2021-05-31 17:19:15,,Left at door!,push,out
2021-05-31 17:19:15,,Left at door!,push,out
2021-05-31 17:19:15,,Left at door!,intercom_text,out
2021-05-31 17:19:15,,Left at door!,intercom_text,out
2021-05-30 22:29:07,,Where is it?,intercom_text,out
2021-05-30 22:29:07,,Where is it?,push,out
2021-05-30 22:29:07,,Where is it?,push,out
2021-05-30 22:29:07,,Where is it?,intercom_text,out
2021-05-26 19:12:31,,Waiting for gaurd to arrive at front gait,push,out
2021-05-26 19:12:31,,Waiting for gaurd to arrive at front gait,intercom_text,out
2021-05-26 19:12:31,,Waiting for gaurd to arrive at front gait,intercom_text,out
2021-05-26 19:12:31,,Waiting for gaurd to arrive at front gait,push,out
2021-05-26 19:12:31,,Waiting for gaurd to arrive at front gait,push,out
2021-05-26 19:12:31,,Waiting for gaurd to arrive at front gait,push,out
2021-05-26 03:10:15,,"OK, got it!",intercom_text,out
2021-05-26 03:10:15,,"OK, got it!",intercom_text,out
2021-05-26 01:03:53,,"OK, got it!",intercom_text,out
2021-05-26 01:03:53,,"OK, got it!",intercom_text,out
2021-05-26 01:03:11,,I can‚Äôt find the door,intercom_text,out
2021-05-26 01:03:11,,I can‚Äôt find the door,intercom_text,out
